"COLONY","PlantID","Sex_t","Sever","Time","Lf_t","ST.BOR.t","DMG.t","Total_nodes","SexF_t1","brnoF_t1","SexB_t1","brnoB_t1","LfFtot_t1","LfBtot_t1","Lftot_t1","SexF_t2","brnoF_t2","SexB_t2","brnoB_t2","LftotF_t2","LftotB_t2","Lftot_t2"
1,1,"S","S1","T2","433.083","N","N",9,"S",1,"V","1",189.438,376.102,565.54,"V",1,"V",1,216.837,442.212,659.049
1,2,"V","S1","T2","384.2155","N","N",5,"S",1,"V","1",261.744,NA,NA,"V",1,"V",1,329.67475,251.695,581.36975
1,3,"S","S2","T2","777.414","N","N",7,"S",1,"V","1",334.05,442.212,776.262,"V",1,"V",1,495.1,504.115,999.215
1,4,"V","S2","T2","314.95025","N","N",7,"S",1,"V","1",308.076,272.129,580.205,"V",1,"V",1,102.9475,352.663,455.6105
1,5,"S","S4","T2","494.859","N","N",8,"V",1,"V","1",425.384,138.106,563.49,"V",1,"V",1,392.17875,165.4515,557.63025
1,6,"V","S4","T2","352.663","N","N",7,"V",1,NA,"0",NA,0,NA,"V",1,"NAN",0,578.9395,0,578.9395
1,7,"S","C","T2","454.143","N","N",6,"V",1,NA,"0",NA,0,NA,"V",1,"NAN",0,188.59,0,188.59
1,8,"V","C","T2","450.9265","N","N",6,"V",1,NA,"0",608.088,0,608.088,"S",1,"NAN",0,616.605,0,616.605
1,9,"S","S1","T1","289.524","N","N",11,"V",1,NA,"0",182.58,0,182.58,"V",1,"NAN",0,307.588,0,307.588
1,10,"V","S1","T1","285.952","N","N",11,"V",1,"V","1",360.476,258.306,618.782,"NAN",0,"V",1,0,307.588,307.588
1,11,"S","S2","T1","398.5095","N","N",11,"S",1,"V","1",543.948,300.376,844.324,"V",1,"V",1,392.17875,300.376,692.55475
1,12,"V","S2","T1","238.473","N","N",11,"S",1,"V","1",320.712,117.672,438.384,"V",1,"V",1,359.875,188.59,548.465
1,13,"S","S4","T1","671.763","N","N",11,"S",1,"V","1",621.87,108.056,729.926,"V",1,"V",1,504.115,148.924,653.039
1,14,"V","S4","T1","384.2155","N","N",11,"V",1,NA,"0",495.1,0,495.1,"V",1,"NAN",0,560.008,0,560.008
1,15,"S","C","T1","539.436","N","N",11,"V",1,NA,"0",669.39,0,669.39,"V",1,"NAN",0,669.39,0,669.39
1,16,"V","C","T1","300.376","N","N",11,"V",1,NA,"0",329.825,0,329.825,"V",1,"NAN",0,265.2175,0,265.2175
1,17,"S","S1","T3","641.226","N","N",11,"S",1,"V","2",247.002,570.72,817.722,"V",1,"V",2,368.289,617.379,985.668
1,18,"V","S1","T3","383.915","N","N",11,"V",1,"V","1",108.056,329.825,437.881,"V",1,"V",1,194.6,459.49075,654.09075
1,19,"S","S2","T3","649.299","N","N",11,"S",1,NA,"0",544.65,0,544.65,"V",1,"NAN",0,531.761,0,531.761
1,20,"V","S2","T3","329.825","N","N",11,"V",1,NA,"0",392.329,0,392.329,"V",1,"NAN",0,553.874,0,553.874
1,21,"S","S4","T3","501.528","N","N",11,"S",1,NA,"0",572.028,0,572.028,"V",1,"V",1,673.42125,103.248,776.66925
1,22,"V","S4","T3","244.93375","N","N",11,"V",1,NA,"0",329.825,0,329.825,"V",1,"V",1,400.142,65.8502,465.9922
1,23,"S","C","T3","870.078","N","N",11,"S",1,NA,"0",736.998,0,736.998,"S",1,"NAN",0,933.558,0,933.558
1,24,"V","C","T3","486.085","N","N",11,"S",1,NA,"0",676.626,0,676.626,"S",1,"NAN",0,479.364,0,479.364
3,25,"S","S1","T2","587.874","N","N",7,"V",1,"V","1",287.03,442.212,729.242,"V",1,"V",1,453.507,477.22025,930.72725
3,26,"V","S1","T2","416.97","N","N",5,"S",1,"S","1",309.48,481.47,790.95,"V",1,"V",1,569.023,376.102,945.125
3,27,"S","S2","T2","622.974","N","N",7,"V",1,"V","1",359.875,329.825,689.7,"V",1,"V",1,685.1925,329.224,1014.4165
3,28,"V","S2","T2","416.6695","N","N",6,"V",1,"V","1",425.384,258.306,683.69,"V",1,"V",2,628.522,335.4105,963.9325
3,30,"V","S4","T2","314.8","N","N",6,"V",1,"V","1",442.212,78.9872,521.1992,"V",1,"V",1,495.1,91.138925,586.238925
3,31,"S","C","T2","563.304","N","N",10,"S",2,NA,"0",656.881,0,656.881,"S",2,"NAN",0,989.4405,0,989.4405
3,33,"S","S1","T1","334.452","N","N",11,"V",1,"V","1",230.7976,495.1,725.8976,"V",1,"V",1,308.9251,450.626,759.5511
3,34,"V","S1","T1","293.164","N","N",11,"V",1,"V","1",NA,NA,NA,"V",1,"V",1,367.9885,117.82225,485.81075
3,35,"S","S2","T1","466.428","N","N",11,"V",1,NA,"0",495.1,0,495.1,"S",1,"NAN",0,595.896,0,595.896
3,36,"V","S2","T1","408.70625","N","N",11,"S",1,NA,"0",519.378,0,519.378,"V",1,"NAN",0,618.6055,0,618.6055
3,37,"S","S4","T1","581.556","N","N",11,"S",2,NA,"0",996.006,0,996.006,"V",2,"NAN",0,1008.831,0,1008.831
3,38,"V","S4","T1","541.0765","N","N",11,"S",3,NA,"0",NA,0,NA,"V",3,"NAN",0,1604.93725,0,1604.93725
3,39,"S","C","T1","425.01","N","N",11,"V",1,NA,"0",442.212,0,442.212,"V",2,"NAN",0,625.9551,0,625.9551
3,40,"V","C","T1","314.8","N","N",11,"S",1,NA,"0",818.43,0,818.43,"V",2,"NAN",0,885.626,0,885.626
3,41,"S","S1","T3","624.027","N","N",11,"S",1,"V","1",528.504,359.875,888.379,"V",1,"V",1,219.241,582.207,801.448
3,42,"V","S1","T3","360.476","N","N",11,"V",1,"V","1",285.952,219.241,505.193,"V",1,"V",1,314.95025,212.9305,527.88075
3,43,"S","S2","T3","692.9985","N","N",5,"S",2,"V","1",NA,117.672,NA,"V",2,"V",1,928.898,148.77375,1077.67175
3,44,"V","S2","T3","424.783","N","N",11,"V",2,NA,"0",NA,0,NA,"V",2,"NAN",0,230.9855,0,230.9855
3,45,"S","S4","T3","795.1395","N","N",11,"S",2,NA,"0",842.322,0,842.322,"S",2,"V",1,1168.6425,33.0077,1201.6502
3,46,"V","S4","T3","392.17875","N","N",6,"V",1,NA,"0",300.376,0,300.376,"V",1,"NAN",0,618.6055,0,618.6055
3,47,"S","C","T3","750.5625","N","N",11,"S",2,NA,"0",1076.664,0,1076.664,"S",2,"NAN",0,1488.7515,0,1488.7515
3,48,"V","C","T3","400.4425","N","N",11,"V",1,NA,"0",531.761,0,531.761,"V",1,"NAN",0,424.783,0,424.783
5,49,"S","S1","T2","587.172","N","N",5,NA,0,"S","1",0,NA,NA,"NAN",0,"V",2,0,306.8675,306.8675
5,50,"V","S1","T2","477.22025","N","N",5,"V",1,NA,"0",NA,0,NA,"V",1,"NAN",0,108.056,0,108.056
5,51,"S","S2","T2","699.141","Y","N",5,"S",1,"V","1",461.112,360.3257,821.4377,"S",2,"V",1,612.1265,264.917,877.0435
5,52,"V","S2","T2","450.626","N","N",7,"S",2,NA,"0",520.0215,0,520.0215,"V",2,"NAN",0,530.5965,0,530.5965
5,53,"S","S4","T2","548.211","N","N",5,"S",1,NA,"0",NA,0,NA,"V",1,"NAN",0,238.473,0,238.473
5,54,"V","S4","T2","638.739","N","N",5,"S",2,"V","1",1184.772,103.248,1288.02,"V",3,"V",1,1025.2345,112.864,1138.0985
5,55,"S","C","T2","455.3715","Y","N",5,"V",1,NA,"0",573.5732,0,573.5732,"V",1,"NAN",0,569.023,0,569.023
5,56,"V","C","T2","376.102","N","N",5,"V",1,NA,"0",638.739,0,638.739,"V",2,"NAN",0,767.07875,0,767.07875
5,57,"S","S1","T1","338.313","Y","N",11,NA,0,NA,"0",0,0,0,"NAN",0,"NAN",0,0,0,0
5,58,"V","S1","T1","219.241","N","N",11,"S",2,"V","1",NA,165.4515,NA,"V",2,"V",1,210.241,188.59,398.831
5,59,"S","S2","T1","320.061","N","N",6,"V",1,"V","1",NA,NA,NA,"V",1,"V",1,73.7324,154.333,228.0654
5,60,"V","S2","T1","433.4975","N","N",11,"S",3,NA,"0",NA,0,NA,"V",3,NA,0,NA,0,NA
5,61,"S","S4","T1","656.67","N","N",11,NA,0,NA,"0",0,0,0,"NAN",0,"NAN",0,0,0,0
5,62,"V","S4","T1","433.798","N","N",11,"S",1,NA,"0",470.94,0,470.94,"V",1,"NAN",0,513.13,0,513.13
5,63,"S","C","T1","474.501","N","N",5,"S",1,NA,"0",NA,0,NA,"V",1,"NAN",0,588.856,0,588.856
5,64,"V","C","T1","425.23375","N","N",5,"V",2,NA,"0",NA,0,NA,"V",2,"NAN",0,551.524,0,551.524
5,66,"V","S1","T3","367.9885","N","N",4,"S",1,NA,"0",NA,0,NA,"V",1,"NAN",0,219.241,0,219.241
5,67,"S","S2","T3","514.164","N","N",11,"S",1,"V","1",544.65,145.6185,690.2685,"V",1,"V",1,466.2927,300.376,766.6687
5,68,"V","S2","T3","337.3375","N","N",4,"S",1,NA,"0",NA,0,NA,"V",1,"NAN",0,284.75,0,284.75
5,69,"S","S4","T3","704.406","N","N",11,"S",1,NA,"0",612.042,0,612.042,"S",2,"NAN",0,966.437,0,966.437
5,70,"V","S4","T3","408.10525","N","N",5,"S",1,NA,"0",334.401,0,334.401,"V",1,"NAN",0,272.129,0,272.129
5,71,"S","C","T3","511.8825","Y","N",4,"S",1,NA,"0",NA,0,NA,"V",1,"NAN",0,503.8145,0,503.8145
5,72,"V","C","T3","416.6695","N","N",4,"S",2,NA,"0",NA,0,NA,"V",2,"NAN",0,635.61,0,635.61
6,73,"S","S1","T2","541.893","Y","N",5,"S",1,"S","1",NA,363.534,NA,"V",1,"NAN",0,176.8705,0,176.8705
6,74,"V","S1","T2","408.556","N","N",5,"V",1,"S","1",NA,304.7415,NA,"V",1,"V",2,231.862,NA,NA
6,75,"S","S2","T2","743.718","N","N",5,"S",1,"V","1",851.775,322.3125,1174.0875,"S",1,"V",1,791.052,182.73025,973.78225
6,76,"V","S2","T2","569.624","N","N",8,"V",1,"V","1",477.2203,219.241,696.4613,"V",1,"V",1,468.3555,206.62,674.9755
6,77,"S","S4","T2","572.43","N","Y",5,NA,0,NA,"0",0,0,0,"NAN",0,"NAN",0,0,0,0
6,78,"V","S4","T2","392.329","N","N",5,"S",1,"V","1",542.544,49.21,591.754,"S",1,"V",1,701.196,31.47505,732.67105
6,79,"S","C","T2","725.115","N","N",5,"S",2,NA,"0",NA,0,NA,"V",3,"NAN",0,384.2155,0,384.2155
6,80,"V","C","T2","337.3375","N","N",6,"S",1,NA,"0",517.974,0,517.974,"S",1,"NAN",0,249.459,0,249.459
6,81,"S","S1","T1","385.8735","N","Y",11,"S",2,"V","1",NA,148.924,NA,"V",2,"V",1,416.47345,219.241,635.71445
6,82,"V","S1","T1","345.00025","N","N",11,"S",2,"V","1",NA,68.4776,NA,"V",1,"V",1,2.61,88.1831,90.7931
6,83,"S","S2","T1","250.914","N","N",5,"V",1,"V","1",98.59025,159.742,258.33225,"V",1,"V",1,372.768,154.333,527.101
6,84,"V","S2","T1","322.3125","N","N",11,"S",1,"V","1",417.7635,82.27145,500.03495,"NAN",0,"NAN",0,0,0,0
6,85,"S","S4","T1","540.138","N","N",11,"S",1,NA,"0",680.838,0,680.838,"V",1,"NAN",0,450.9265,0,450.9265
6,86,"V","S4","T1","376.25225","N","N",5,"V",1,NA,"0",400.4425,0,400.4425,"V",1,"NAN",0,416.0685,0,416.0685
6,87,"S","C","T1","530.8365","N","N",5,"S",1,NA,"0",912.498,0,912.498,"V",1,"NAN",0,569.04925,0,569.04925
6,88,"V","C","T1","314.8","N","N",5,"V",1,NA,"0",400.4425,0,400.4425,"S",1,"NAN",0,411.27,0,411.27
6,89,"S","S1","T3","629.1165","Y","N",4,"S",1,"V","1",294.036,344.726,638.762,"V",1,"V",1,360.476,225.5515,586.0275
6,90,"V","S1","T3","265.2175","N","N",4,"S",1,"V","1",76.416,70.88605,147.30205,"V",1,"V",1,98.59025,21.1844,119.77465
6,91,"S","S2","T3","514.515","N","N",4,"S",1,"V","2",496.563,NA,NA,"S",1,"V",2,433.734,198.091275,631.825275
6,92,"V","S2","T3","450.9265","N","N",3,"V",1,NA,"0",NA,0,NA,"V",1,"NAN",0,392.17875,0,392.17875
6,93,"S","S4","T3","587.874","N","N",4,"S",1,NA,"0",539.034,0,539.034,"V",1,"NAN",0,486.085,0,486.085
6,94,"V","S4","T3","376.102","N","N",11,"S",1,NA,"0",517.272,0,517.272,"NAN",0,"NAN",0,0,0,0
6,95,"S","C","T3","993.4545","N","N",4,"S",3,NA,"0",1543.1747,0,1543.1747,"V",3,"NAN",0,1461.3185,0,1461.3185
6,96,"V","C","T3","416.6695","N","N",11,"S",1,NA,"0",NA,0,NA,"V",1,"NAN",0,344.85,0,344.85
7,97,"S","S1","T2","797.772","Y","Y",7,"V",1,"V","1",NA,NA,NA,NA,NA,NA,NA,NA,NA,NA
7,98,"V","S1","T2","618.305","N","N",6,NA,0,"V","1",0,513.2803,513.2803,NA,NA,NA,NA,NA,NA,NA
7,99,"S","S2","T2","1206.336","N","N",8,"S",2,"V","1",1204.077,504.115,1708.192,NA,NA,NA,NA,NA,NA,NA
7,100,"V","S2","T2","322.3125","Y","N",6,"V",1,"V","1",300.376,NA,NA,NA,NA,NA,NA,NA,NA,NA
7,101,"S","S4","T2","665.094","N","N",5,"S",1,"V","1",NA,112.864,NA,NA,NA,NA,NA,NA,NA,NA
7,102,"V","S4","T2","450.9265","N","N",7,"V",1,NA,"0",329.825,0,329.825,NA,NA,NA,NA,NA,NA,NA
7,103,"S","C","T2","571.026","Y","N",6,"V",2,NA,"0",873.005,0,873.005,NA,NA,NA,NA,NA,NA,NA
7,104,"V","C","T2","442.212","Y","N",5,"V",2,NA,"0",221.8215,0,221.8215,NA,NA,NA,NA,NA,NA,NA
7,105,"S","S1","T1","847.965","Y","N",11,"S",2,"V","1",NA,159.742,NA,NA,NA,NA,NA,NA,NA,NA
7,106,"V","S1","T1","376.25225","N","N",11,"V",2,"V","1",NA,51.3995,NA,NA,NA,NA,NA,NA,NA,NA
7,107,"S","S2","T1","916.761","Y","N",11,"V",1,"V","1",400.4425,244.9337,645.3762,NA,NA,NA,NA,NA,NA,NA
7,108,"V","S2","T1","360.32575","Y","N",4,NA,0,NA,"0",0,0,0,NA,NA,NA,NA,NA,NA,NA
7,109,"S","S4","T1","317.604","Y","N",5,"V",1,NA,"0",143.515,0,143.515,NA,NA,NA,NA,NA,NA,NA
7,110,"V","S4","T1","628.522","N","N",11,"S",1,NA,"0",664.341,0,664.341,NA,NA,NA,NA,NA,NA,NA
7,111,"S","C","T1","711.426","N","N",11,"S",2,NA,"0",NA,0,NA,NA,NA,NA,NA,NA,NA,NA
7,112,"V","C","T1","504.115","N","N",11,"V",1,NA,"0",569.4737,0,569.4737,NA,NA,NA,NA,NA,NA,NA
7,113,"S","S1","T3","983.802","Y","Y",5,"S",1,"V","2",NA,598.6485,NA,NA,NA,NA,NA,NA,NA,NA
8,121,"S","S1","T2","868.674","N","N",7,"V",3,"S","2",NA,NA,NA,"V",2,"V",3,667.195,471.26275,1138.45775
8,122,"V","S1","T2","272.129","N","N",6,"V",2,"V","1",NA,NA,NA,"V",2,"V",1,262.39125,299.775,562.16625
8,123,"S","S2","T2","476.607","N","N",5,"S",1,"V","1",609.936,NA,NA,"V",1,"V",1,486.085,148.924,635.009
8,124,"V","S2","T2","329.67475","Y","N",5,"V",1,"V","1",NA,231.862,NA,"V",1,"V",1,108.056,307.588,415.644
8,125,"S","S4","T2","452.388","N","N",5,"V",1,"V","1",285.952,NA,NA,"V",1,"NAN",0,376.25225,0,376.25225
8,126,"V","S4","T2","416.97","N","N",5,"V",1,NA,"0",494.499,0,494.499,"NAN",0,"NAN",0,0,0,0
8,127,"S","C","T2","532.767","N","N",6,"V",3,NA,"0",NA,0,NA,"V",3,"NAN",0,1162.71325,0,1162.71325
8,128,"V","C","T2","258.306","Y","N",8,"V",1,NA,"0",NA,0,NA,"V",1,"NAN",0,322.3125,0,322.3125
8,129,"S","S1","T1","396.4035","N","N",11,NA,0,NA,"0",0,0,0,"NAN",0,"NAN",0,0,0,0
8,130,"V","S1","T1","102.9475","N","N",11,"V",1,"V","1",NA,NA,NA,"V",1,"V",1,177.32125,76.57875,253.9
8,131,"S","S2","T1","359.1975","N","N",11,"S",1,NA,"0",NA,0,NA,"V",1,"NAN",0,368.289,0,368.289
8,132,"V","S2","T1","314.95025","N","N",11,"V",1,NA,"0",NA,0,NA,"V",1,"NAN",0,245.084,0,245.084
8,133,"S","S4","T1","767.0595","Y","N",11,"S",2,NA,"0",1096.27,0,1096.27,"S",3,"NAN",0,NA,0,NA
8,134,"V","S4","T1","5.5855","N","N",11,"V",1,NA,"0",NA,0,NA,"V",1,"NAN",0,53.589,0,53.589
8,135,"S","C","T1","481.17","N","N",11,"V",2,NA,"0",964.958,0,964.958,"V",2,"NAN",0,874.808,0,874.808
8,136,"V","C","T1","392.329","N","N",11,"S",1,NA,"0",442.86,0,442.86,"V",2,"NAN",0,434.876,0,434.876
8,137,"S","S1","T3","431.679","N","N",5,"V",2,"V","1",NA,344.85,NA,"V",2,"V",1,630.802,425.384,1056.186
8,138,"V","S1","T3","329.825","N","N",4,"V",1,"V","1",206.62,NA,NA,"V",1,"V",1,314.95025,200.61,515.56025
8,139,"S","S2","T3","475.203","N","N",5,"V",2,NA,"0",NA,0,NA,"V",2,"NAN",0,609.91725,0,609.91725
8,140,"V","S2","T3","408.556","Y","N",4,"V",1,NA,"0",NA,0,NA,"V",1,"NAN",0,322.3125,0,322.3125
8,142,"V","S4","T3","344.85","N","N",5,"V",1,NA,"0",477.07,0,477.07,"V",1,"NAN",0,646.552,0,646.552
8,143,"S","C","T3","605.424","N","N",5,"S",1,NA,"0",598.704,0,598.704,"V",1,"NAN",0,569.624,0,569.624
8,144,"V","C","T3","337.638","N","N",5,"V",1,NA,"0",NA,0,NA,"V",1,"NAN",0,285.952,0,285.952
9,145,"S","S1","T2","485.733","N","N",5,"V",1,"S","1",NA,451.986,NA,"V",1,"V",1,272.129,337.3375,609.4665
9,146,"V","S1","T2","504.115","N","N",7,"S",1,"S","1",NA,469.0095,NA,"V",1,"V",1,314.8,344.85,659.65
9,147,"S","S2","T2","892.0155","N","N",6,"S",1,"S","1",824.748,576.24,1400.988,"V",1,"V",1,939.84,588.856,1528.696
9,148,"V","S2","T2","285.952","N","N",6,"V",1,"V","1",360.476,219.241,579.717,"V",1,"V",1,329.825,159.742,489.567
9,149,"S","S4","T2","699.492","N","N",7,"S",1,NA,"0",694.3515,0,694.3515,"S",1,"NAN",0,705.408,0,705.408
9,150,"V","S4","T2","579.24","N","N",7,"S",1,"V","1",NA,NA,NA,"V",1,"V",1,550.392,91.2484,641.6404
9,151,"S","C","T2","698.79","N","N",6,"S",1,NA,"0",1062.375,0,1062.375,"V",1,"NAN",0,856.301,0,856.301
9,152,"V","C","T2","264.917","Y","N",6,"V",1,NA,"0",265.2175,0,265.2175,"V",1,"NAN",0,424.783,0,424.783
9,153,"S","S1","T1","583.1355","N","N",11,"S",1,"V","1",NA,300.376,NA,"V",1,"V",1,450.626,314.8,765.426
9,154,"V","S1","T1","182.73025","N","N",11,"V",2,"V","1",276.5125,NA,NA,"V",2,"NAN",0,154.509,0,154.509
9,155,"S","S2","T1","537.681","N","N",11,"S",1,"V","1",NA,272.129,NA,"V",1,"V",1,188.59,344.85,533.44
9,156,"V","S2","T1","171.161","N","N",11,"V",1,"V","1",314.8,68.4776,383.2776,"V",1,"V",1,400.4425,58.296425,458.738925
9,157,"S","S4","T1","425.01","N","N",11,"S",1,NA,"0",659.2515,0,659.2515,"V",1,"NAN",0,86.42,0,86.42
9,158,"V","S4","T1","400.142","N","N",11,"S",1,NA,"0",606.426,0,606.426,"V",1,"NAN",0,468.3555,0,468.3555
9,159,"S","C","T1","590.331","N","N",11,"S",1,NA,"0",800.178,0,800.178,"V",1,"NAN",0,400.4425,0,400.4425
9,160,"V","C","T1","322.3125","N","N",11,"V",1,NA,"0",531.761,0,531.761,"V",1,"NAN",0,513.13,0,513.13
9,161,"S","S1","T3","752.6685","N","N",11,"V",1,"V","1",425.384,477.07,902.454,"V",1,"V",1,513.13,383.915,897.045
9,162,"V","S1","T3","337.3375","N","N",11,"V",1,"V","1",NA,300.376,NA,"V",1,"V",1,314.8,219.241,534.041
9,163,"S","S2","T3","795.8415","N","N",11,"S",2,"V","2",NA,NA,NA,"V",2,"V",2,564.525,378.0815,942.6065
9,164,"V","S2","T3","442.36225","N","N",6,"V",1,"V","1",550.392,NA,NA,"V",1,"V",1,550.392,212.9305,763.3225
9,165,"S","S4","T3","521.886","N","N",11,"V",1,"V","1",822.044,NA,NA,"V",1,"V",1,722.278,94.3137,816.5917
9,166,"V","S4","T3","279.0405","N","N",11,"V",1,NA,"0",459.641,0,459.641,"V",1,"NAN",0,477.22025,0,477.22025
9,167,"S","C","T3","646.3155","N","N",11,"V",1,NA,"0",468.055,0,468.055,"V",1,"NAN",0,588.856,0,588.856
9,168,"V","C","T3","486.085","N","N",11,"V",1,NA,"0",477.07,0,477.07,"V",1,"NAN",0,689.824,0,689.824
10,169,"S","S1","T2","602.4405","N","N",6,"S",1,"S","1",467.6055,574.836,1042.4415,"V",1,"V",1,400.4425,425.384,825.8265
10,170,"V","S1","T2","560.008","N","N",6,"S",2,"S","1",423.9475,538.683,962.6305,"V",2,"V",1,372.82275,467.454,840.27675
10,171,"S","S2","T2","831.2925","N","N",7,"S",1,"V","1",969.36,598.7725,1568.1325,"V",1,"V",1,638.739,637.8375,1276.5765
10,172,"V","S2","T2","513.13","N","Y",5,"V",2,NA,"0",246.303,0,246.303,"V",2,"NAN",0,249.437,0,249.437
10,173,"S","S4","T2","575.94","N","N",9,"S",1,"V","1",680.136,127.889,808.025,"V",1,"V",1,560.008,93.9325,653.9405
10,174,"V","S4","T2","468.3555","N","N",7,"V",1,"V","1",776.368,98.44,874.808,"V",1,"V",1,628.522,122.7805,751.3025
10,175,"S","C","T2","484.68","N","N",7,"V",2,NA,"0",992.6915,0,992.6915,"V",2,"NAN",0,834.541,0,834.541
10,176,"V","C","T2","450.9265","N","N",5,"V",2,NA,"0",NA,0,NA,"V",2,"NAN",0,825.67625,0,825.67625
10,177,"S","S1","T1","516.621","N","N",11,"S",1,"V","1",562.902,495.1,1058.002,"V",1,"V",1,442.212,300.22575,742.43775
10,178,"V","S1","T1","345.00025","N","N",5,"V",2,"V","1",460.719,NA,NA,"V",2,"V",1,721.2525,219.241,940.4935
10,179,"S","S2","T1","754.95","N","N",11,"S",2,"V","1",822.54,459.641,1282.181,"V",2,"V",1,777.446,206.62,984.066
10,180,"V","S2","T1","450.626","N","N",11,"S",2,"V","1",819.331,117.672,937.003,"V",2,"V",1,981.185,176.8705,1158.0555
10,181,"S","S4","T1","444.666","N","N",11,"V",1,NA,"0",511.928,0,511.928,"V",1,"NAN",0,503.8145,0,503.8145
10,182,"V","S4","T1","425.23375","N","N",11,"V",1,"V","1",459.641,40.8899,500.5309,"V",1,"V",1,148.924,40.8899,189.8139
10,183,"S","C","T1","744.771","N","N",11,"V",1,NA,"0",251.695,0,251.695,"V",1,"NAN",0,314.8,0,314.8
10,184,"V","C","T1","442.36225","N","N",11,NA,0,NA,"0",0,0,0,"NAN",0,"NAN",0,0,0,0
10,185,"S","S1","T3","950.808","N","N",5,"S",2,"V","1",618.96,854.975,1473.935,"V",2,"V",1,594.4415,601.3365,1195.778
10,186,"V","S1","T3","360.32575","N","N",11,"S",1,"V","1",210.849,200.3095,411.1585,"V",1,"V",1,NA,279.0405,NA
10,187,"S","S2","T3","563.8305","N","N",11,"S",1,NA,"0",668.202,0,668.202,"V",1,"NAN",0,329.224,0,329.224
10,188,"V","S2","T3","690.425","N","N",6,"S",1,"V","1",442.86,97.379,540.239,"V",1,"V",1,468.3555,286.10225,754.45775
10,189,"S","S4","T3","824.097","N","N",11,"S",2,NA,"0",NA,0,NA,"V",2,"NAN",0,1191.68525,0,1191.68525
10,190,"V","S4","T3","522.4455","N","N",11,"S",1,"V","1",951.6345,NA,NA,"V",1,"V",1,408.70625,85.1178,493.82405
10,191,"S","C","T3","828.1335","N","N",11,"V",1,NA,"0",989.122,0,989.122,"V",1,"NAN",0,690.425,0,690.425
10,192,"V","C","T3","459.641","N","N",11,"V",1,NA,"0",550.392,0,550.392,"V",1,"NAN",0,588.856,0,588.856
11,193,"S","S1","T2","812.865","N","N",6,"S",1,"S","2",240.684,NA,NA,"V",1,"V",3,272.129,518.215,790.344
11,194,"V","S1","T2","258.306","N","N",7,"V",1,"V","1",170.56,NA,NA,"V",1,"V",1,360.476,352.3625,712.8385
11,195,"S","S2","T2","437.8215","N","N",6,"S",1,"V","1",458.304,285.952,744.256,"V",1,"V",1,509.524,384.2155,893.7395
11,196,"V","S2","T2","492.696","N","N",6,"S",1,NA,"0",654.864,0,654.864,"S",1,"NAN",0,686.805,0,686.805
11,197,"S","S4","T2","452.2125","N","N",6,"V",1,NA,"0",733.096,0,733.096,"V",2,"NAN",0,934.908,0,934.908
11,198,"V","S4","T2","384.2155","N","N",5,"V",1,NA,"0",540.776,0,540.776,"V",2,"NAN",0,651.89545,0,651.89545
11,199,"S","C","T2","738.804","N","N",7,"V",2,NA,"0",859.541,0,859.541,"S",2,"NAN",0,1130.50475,0,1130.50475
11,200,"V","C","T2","450.9265","N","N",7,"V",1,NA,"0",569.4737,0,569.4737,"V",1,"NAN",0,733.096,0,733.096
11,201,"S","S1","T1","430.275","N","N",11,"V",1,"V","1",NA,NA,NA,"V",1,"V",1,148.924,258.45625,407.38025
11,202,"V","S1","T1","293.164","N","N",11,"V",1,"V","1",NA,159.2912,NA,"V",1,"V",1,459.641,314.95025,774.59125
11,203,"S","S2","T1","397.632","N","N",11,"S",1,NA,"0",NA,0,NA,"V",1,"NAN",0,513.13,0,513.13
11,204,"V","S2","T1","176.57","N","N",11,"V",1,NA,"0",218.64,0,218.64,"V",1,"V",1,265.2175,29.9424,295.1599
11,205,"S","S4","T1","482.925","N","N",11,NA,0,NA,"0",0,0,0,"NAN",0,"NAN",0,0,0,0
11,206,"V","S4","T1","459.49075","N","N",11,"V",1,NA,"0",494.499,0,494.499,"V",2,"NAN",0,813.1379,0,813.1379
11,207,"S","C","T1","583.662","N","N",11,"S",2,NA,"0",NA,0,NA,"V",2,"NAN",0,839.79975,0,839.79975
11,208,"V","C","T1","293.164","N","N",11,"V",1,NA,"0",329.825,0,329.825,"V",1,"NAN",0,495.1,0,495.1
11,209,"S","S1","T3","600.3345","N","N",11,"S",2,"V","1",NA,NA,NA,"V",2,"V",1,516.16125,367.9885,884.14975
11,211,"S","S2","T3","605.424","N","N",11,"V",1,NA,"0",NA,0,NA,"V",1,"NAN",0,569.47375,0,569.47375
11,212,"V","S2","T3","432.8965","Y","N",4,"V",2,NA,"0",477.201,0,477.201,"V",2,"NAN",0,938.66425,0,938.66425
11,213,"S","S4","T3","519.429","N","N",11,"S",1,NA,"0",673.116,0,673.116,"V",2,"NAN",0,1061.56875,0,1061.56875
11,214,"V","S4","T3","384.2155","N","N",11,"S",1,NA,"0",NA,0,NA,"V",1,"NAN",0,541.0765,0,541.0765
11,215,"S","C","T3","905.0025","N","N",11,"S",1,NA,"0",630.996,0,630.996,"S",1,"NAN",0,888.63,0,888.63
11,216,"V","C","T3","468.055","N","N",4,"V",1,NA,"0",569.624,0,569.624,"V",2,"NAN",0,990.2,0,990.2
12,217,"S","S1","T2","582.258","N","Y",6,NA,0,NA,"0",0,0,0,NA,NA,NA,NA,NA,NA,NA
12,218,"V","S1","T2","799.206","N","N",5,"S",2,"V","1",345.6375,337.3375,682.975,NA,NA,NA,NA,NA,NA,NA
12,219,"S","S2","T2","515.0415","N","N",6,"S",2,"V","1",841.494,245.084,1086.578,NA,NA,NA,NA,NA,NA,NA
12,220,"V","S2","T2","425.384","Y","N",6,"V",1,"V","1",127.7387,238.473,366.2117,NA,NA,NA,NA,NA,NA,NA
12,221,"S","S4","T2","903.423","N","N",6,"S",1,NA,"0",652.758,0,652.758,NA,NA,NA,NA,NA,NA,NA
12,222,"V","S4","T2","459.49075","N","N",6,"V",1,NA,"0",669.5403,0,669.5403,NA,NA,NA,NA,NA,NA,NA
12,223,"S","C","T2","840.594","Y","N",6,"S",2,NA,"0",1238.8547,0,1238.8547,NA,NA,NA,NA,NA,NA,NA
12,224,"V","C","T2","450.626","N","N",6,"V",2,NA,"0",720.952,0,720.952,NA,NA,NA,NA,NA,NA,NA
12,225,"S","S1","T1","600.159","N","N",11,"S",2,NA,"0",912.045,0,912.045,NA,NA,NA,NA,NA,NA,NA
12,226,"V","S1","T1","314.8","N","N",11,"S",1,NA,"0",272.625,0,272.625,NA,NA,NA,NA,NA,NA,NA
12,227,"S","S2","T1","388.155","Y","N",11,"V",1,NA,"0",352.663,0,352.663,NA,NA,NA,NA,NA,NA,NA
12,228,"V","S2","T1","165.4515","N","N",11,"V",1,NA,"0",225.5515,0,225.5515,NA,NA,NA,NA,NA,NA,NA
12,229,"S","S4","T1","698.6145","N","N",11,"S",1,NA,"0",979.539,0,979.539,NA,NA,NA,NA,NA,NA,NA
12,230,"V","S4","T1","421.654","N","N",11,"V",1,NA,"0",522.4455,0,522.4455,NA,NA,NA,NA,NA,NA,NA
12,231,"S","C","T1","657.723","N","N",11,"S",1,NA,"0",901.4415,0,901.4415,NA,NA,NA,NA,NA,NA,NA
12,232,"V","C","T1","376.25225","N","N",11,"S",1,NA,"0",757.005,0,757.005,NA,NA,NA,NA,NA,NA,NA
12,233,"S","S1","T3","744.771","N","N",11,"V",1,"V","2",513.13,645.226,1158.356,NA,NA,NA,NA,NA,NA,NA
12,234,"V","S1","T3","550.392","N","N",11,"S",2,NA,"0",NA,0,NA,NA,NA,NA,NA,NA,NA,NA
12,235,"S","S2","T3","606.8982","N","N",11,"S",1,NA,"0",750.336,0,750.336,NA,NA,NA,NA,NA,NA,NA
12,236,"V","S2","T3","352.663","N","N",11,"S",1,NA,"0",NA,0,NA,NA,NA,NA,NA,NA,NA,NA
12,237,"S","S4","T3","1109.46","N","N",11,"S",1,NA,"0",832.9965,0,832.9965,NA,NA,NA,NA,NA,NA,NA
12,238,"V","S4","T3","408.556","N","N",11,"V",1,NA,"0",560.008,0,560.008,NA,NA,NA,NA,NA,NA,NA
12,239,"S","C","T3","854.1075","Y","N",11,"V",2,NA,"0",1328.7807,0,1328.7807,NA,NA,NA,NA,NA,NA,NA
12,240,"V","C","T3","522.145","N","N",4,"V",1,NA,"0",638.4385,0,638.4385,NA,NA,NA,NA,NA,NA,NA
13,241,"S","S1","T2","554.88","Y","N",7,"S",1,"S","2",228.048,1070.812,1298.86,NA,NA,NA,NA,NA,NA,NA
13,242,"V","S1","T2","467.454","N","N",5,"V",1,"V","1",NA,NA,NA,NA,NA,NA,NA,NA,NA,NA
13,243,"S","S2","T2","354.81","Y","N",6,"V",1,"V","1",NA,293.164,NA,NA,NA,NA,NA,NA,NA,NA
13,244,"V","S2","T2","531.761","Y","Y",7,NA,0,"S","1",0,544.1235,544.1235,NA,NA,NA,NA,NA,NA,NA
13,245,"S","S4","T2","966.7785","Y","N",7,"S",2,NA,"0",761.151,0,761.151,NA,NA,NA,NA,NA,NA,NA
13,246,"V","S4","T2","579.24","N","N",5,"V",2,"V","1",NA,154.333,NA,NA,NA,NA,NA,NA,NA,NA
13,247,"S","C","T2","571.9035","N","N",6,"S",1,NA,"0",822.8175,0,822.8175,NA,NA,NA,NA,NA,NA,NA
13,248,"V","C","T2","384.2155","N","N",5,"S",1,NA,"0",333.348,0,333.348,NA,NA,NA,NA,NA,NA,NA
13,249,"S","S1","T1","472.746","Y","N",6,NA,0,NA,"0",0,0,0,NA,NA,NA,NA,NA,NA,NA
13,250,"V","S1","T1","440.5855","N","N",6,"V",2,"V","1",NA,368.289,NA,NA,NA,NA,NA,NA,NA,NA
13,251,"S","S2","T1","297.246","N","N",6,"V",1,NA,"0",156.8093,0,156.8093,NA,NA,NA,NA,NA,NA,NA
13,252,"V","S2","T1","314.95025","N","N",5,"V",1,NA,"0",NA,0,NA,NA,NA,NA,NA,NA,NA,NA
13,253,"S","S4","T1","757.407","Y","Y",11,NA,0,NA,"0",0,0,0,NA,NA,NA,NA,NA,NA,NA
13,254,"V","S4","T1","400.142","Y","N",11,"V",1,NA,"0",NA,0,NA,NA,NA,NA,NA,NA,NA,NA
13,255,"S","C","T1","895.35","N","N",11,"S",2,NA,"0",1308.8505,0,1308.8505,NA,NA,NA,NA,NA,NA,NA
13,257,"S","S1","T3","478.713","N","N",11,"S",2,"V","1",NA,NA,NA,NA,NA,NA,NA,NA,NA,NA
13,258,"V","S1","T3","376.25225","Y","N",4,"V",1,"V","1",NA,NA,NA,NA,NA,NA,NA,NA,NA,NA
13,259,"S","S2","T3","632.451","Y","N",11,"S",1,"V","2",692.2455,275.4106,967.6561,NA,NA,NA,NA,NA,NA,NA
13,260,"V","S2","T3","450.9265","N","N",11,"S",1,"V","1",466.377,188.7369,655.1139,NA,NA,NA,NA,NA,NA,NA
13,261,"S","S4","T3","739.155","Y","N",11,"V",1,NA,"0",NA,0,NA,NA,NA,NA,NA,NA,NA,NA
13,262,"V","S4","T3","337.3375","N","N",11,"S",1,NA,"0",612.042,0,612.042,NA,NA,NA,NA,NA,NA,NA
13,263,"S","C","T3","522.939","Y","N",11,"V",1,NA,"0",NA,0,NA,NA,NA,NA,NA,NA,NA,NA
13,264,"V","C","T3","425.384","N","N",4,"S",1,NA,"0",599.406,0,599.406,NA,NA,NA,NA,NA,NA,NA
14,265,"S","S1","T2","461.6895","N","N",6,"V",1,"V",".",97.98925,NA,NA,NA,NA,NA,NA,NA,NA,NA
14,266,"V","S1","T2","352.663","N","N",6,"V",1,"V","1",194.6,279.0405,473.6405,NA,NA,NA,NA,NA,NA,NA
14,267,"S","S2","T2","380.6085","Y","N",6,"V",1,NA,"0",NA,0,NA,NA,NA,NA,NA,NA,NA,NA
14,268,"V","S2","T2","400.4425","N","N",7,NA,0,"V","1",0,307.588,307.588,NA,NA,NA,NA,NA,NA,NA
14,269,"S","S4","T2","571.728","Y","N",6,NA,0,"V","1",0,138.2563,138.2563,NA,NA,NA,NA,NA,NA,NA
14,270,"V","S4","T2","360.32575","Y","N",7,"V",1,"V","1",NA,231.862,NA,NA,NA,NA,NA,NA,NA,NA
14,271,"S","C","T2","723.36","Y","N",7,"V",1,NA,"0",NA,0,NA,NA,NA,NA,NA,NA,NA,NA
14,272,"V","C","T2","344.85","Y","N",7,"V",1,"V","1",97.48848,182.7303,280.21878,NA,NA,NA,NA,NA,NA,NA
14,273,"S","S1","T1","403.248","N","N",11,NA,0,NA,"0",0,0,0,NA,NA,NA,NA,NA,NA,NA
14,274,"V","S1","T1","329.825","N","N",11,NA,0,"V","2",0,326.5458,326.5458,NA,NA,NA,NA,NA,NA,NA
14,275,"S","S2","T1","513.111","N","N",11,"V",1,NA,"0",231.862,0,231.862,NA,NA,NA,NA,NA,NA,NA
14,276,"V","S2","T1","367.9885","Y","N",11,"V",1,NA,"0",384.2155,0,384.2155,NA,NA,NA,NA,NA,NA,NA
14,277,"S","S4","T1","513.111","Y","N",11,"V",1,NA,"0",NA,0,NA,NA,NA,NA,NA,NA,NA,NA
14,278,"V","S4","T1","251.695","Y","N",11,"V",1,NA,"0",307.588,0,307.588,NA,NA,NA,NA,NA,NA,NA
14,279,"S","C","T1","475.0275","N","N",11,"V",1,NA,"0",170.56,0,170.56,NA,NA,NA,NA,NA,NA,NA
14,280,"V","C","T1","329.224","N","N",11,"V",1,NA,"0",598.7725,0,598.7725,NA,NA,NA,NA,NA,NA,NA
14,281,"S","S1","T3","642.63","Y","N",4,"V",1,NA,"0",200.61,0,200.61,NA,NA,NA,NA,NA,NA,NA
14,282,"V","S1","T3","495.1","N","N",11,"S",1,NA,"0",400.2135,0,400.2135,NA,NA,NA,NA,NA,NA,NA
14,283,"S","S2","T3","425.361","Y","N",4,"V",1,"V","1",450.9265,NA,NA,NA,NA,NA,NA,NA,NA,NA
14,284,"V","S2","T3","392.17875","Y","N",11,"S",1,NA,"0",289.2975,0,289.2975,NA,NA,NA,NA,NA,NA,NA
14,285,"S","S4","T3","603.1425","N","N",11,"S",1,NA,"0",622.221,0,622.221,NA,NA,NA,NA,NA,NA,NA
14,286,"V","S4","T3","322.012","N","N",11,"V",1,NA,"0",459.4907,0,459.4907,NA,NA,NA,NA,NA,NA,NA
14,287,"S","C","T3","579.801","N","N",11,"V",1,NA,"0",NA,0,NA,NA,NA,NA,NA,NA,NA,NA
14,288,"V","C","T3","392.329","N","N",11,"V",1,NA,"0",285.952,0,285.952,NA,NA,NA,NA,NA,NA,NA
15,289,"S","S1","T2","723.009","N","N",5,"S",2,"S","2",741.459,882.911,1624.37,NA,NA,NA,NA,NA,NA,NA
15,290,"S","S2","T2","640.6995","Y","N",5,"V",3,NA,"0",589.4035,0,589.4035,NA,NA,NA,NA,NA,NA,NA
15,291,"V","S2","T2","425.23375","Y","N",5,NA,0,NA,"0",0,0,0,NA,NA,NA,NA,NA,NA,NA
15,292,"S","S4","T2","706.3365","N","N",6,"S",1,NA,"0",NA,0,NA,NA,NA,NA,NA,NA,NA,NA
15,293,"V","S4","T2","424.783","N","N",6,"V",2,NA,"0",NA,0,NA,NA,NA,NA,NA,NA,NA,NA
15,294,"S","C","T2","501.879","N","N",7,"V",1,NA,"0",689.824,0,689.824,NA,NA,NA,NA,NA,NA,NA
15,296,"S","S1","T1","380.784","N","N",11,"S",1,"V","1",421.6245,100.6633,522.2878,NA,NA,NA,NA,NA,NA,NA
15,297,"V","S1","T1","300.376","N","N",11,NA,0,NA,"0",0,0,0,NA,NA,NA,NA,NA,NA,NA
15,298,"S","S2","T1","445.017","N","N",11,"V",2,"V","1",NA,271.528,NA,NA,NA,NA,NA,NA,NA,NA
15,299,"V","S2","T1","219.241","N","N",11,NA,0,NA,"0",0,0,0,NA,NA,NA,NA,NA,NA,NA
15,300,"S","S4","T1","602.616","N","N",11,NA,0,NA,"0",0,0,0,NA,NA,NA,NA,NA,NA,NA
15,301,"V","S4","T1","433.798","N","N",11,NA,0,NA,"0",0,0,0,NA,NA,NA,NA,NA,NA,NA
15,302,"S","C","T1","690.366","Y","N",11,"V",1,NA,"0",NA,0,NA,NA,NA,NA,NA,NA,NA,NA
15,303,"V","C","T1","344.39925","Y","N",11,"V",1,NA,"0",628.522,0,628.522,NA,NA,NA,NA,NA,NA,NA
15,304,"S","S1","T3","669.657","N","N",11,"S",2,"V","1",NA,NA,NA,NA,NA,NA,NA,NA,NA,NA
15,305,"V","S1","T3","272.129","Y","N",10,"V",1,"V","1",NA,91.13893,NA,NA,NA,NA,NA,NA,NA,NA
15,306,"V","S1","T3","337.3375","N","Y",11,"V",1,NA,"0",265.2175,0,265.2175,NA,NA,NA,NA,NA,NA,NA
15,308,"V","S2","T3","433.798","N","N",11,NA,0,NA,"0",0,0,0,NA,NA,NA,NA,NA,NA,NA
15,309,"S","S4","T3","737.4","N","N",11,"V",2,NA,"0",NA,0,NA,NA,NA,NA,NA,NA,NA,NA
15,311,"S","C","T3","544.701","N","Y",11,NA,0,NA,"0",0,0,0,NA,NA,NA,NA,NA,NA,NA
15,312,"V","C","T3","337.037","N","Y",4,"V",1,NA,"0",NA,0,NA,NA,NA,NA,NA,NA,NA,NA
16,313,"S","S1","T2","1263.3735","N","N",11,"S",2,"S","1",1091.2305,758.9355,1850.166,NA,NA,NA,NA,NA,NA,NA
16,314,"V","S1","T2","486.085","N","N",7,"S",1,"V","1",387.9285,468.3555,856.284,NA,NA,NA,NA,NA,NA,NA
16,315,"S","S2","T2","402.546","N","N",11,"V",1,"V","1",329.825,94.3137,424.1387,NA,NA,NA,NA,NA,NA,NA
16,316,"V","S2","T2","367.9885","Y","N",5,"V",1,"V","1",NA,132.9975,NA,NA,NA,NA,NA,NA,NA,NA
16,317,"S","S4","T2","768.4635","Y","N",11,"S",1,"S","1",544.1235,403.197,947.3205,NA,NA,NA,NA,NA,NA,NA
16,318,"V","S4","T2","579.24","N","N",6,NA,0,NA,"0",0,0,0,NA,NA,NA,NA,NA,NA,NA
16,319,"S","C","T2","624.729","Y","N",11,"S",1,NA,"0",463.569,0,463.569,NA,NA,NA,NA,NA,NA,NA
16,320,"V","C","T2","337.3375","N","N",5,"V",1,NA,"0",367.9885,0,367.9885,NA,NA,NA,NA,NA,NA,NA
16,321,"S","S1","T1","411.8475","Y","N",11,NA,0,NA,"0",0,0,0,NA,NA,NA,NA,NA,NA,NA
16,322,"V","S1","T1","194.44975","N","N",11,NA,0,"V","1",0,112.864,112.864,NA,NA,NA,NA,NA,NA,NA
16,325,"S","S4","T1","637.1895","Y","N",11,"V",1,NA,"0",NA,0,NA,NA,NA,NA,NA,NA,NA,NA
16,326,"V","S4","T1","522.4455","Y","N",11,"V",1,NA,"0",103.248,0,103.248,NA,NA,NA,NA,NA,NA,NA
16,327,"S","C","T1","544.35","Y","N",11,"V",1,NA,"0",165.4515,0,165.4515,NA,NA,NA,NA,NA,NA,NA
16,329,"S","S1","T3","1150.0005","Y","N",5,"S",1,"V","1",371.256,700.9425,1072.1985,NA,NA,NA,NA,NA,NA,NA
16,330,"V","S1","T3","345.00025","Y","N",11,"V",1,"V","1",141.5618,392.329,533.8908,NA,NA,NA,NA,NA,NA,NA
16,331,"S","S2","T3","524.343","Y","N",7,"S",1,"V","1",NA,NA,NA,NA,NA,NA,NA,NA,NA,NA
16,332,"V","S2","T3","560.008","N","N",11,"V",1,NA,"0",416.97,0,416.97,NA,NA,NA,NA,NA,NA,NA
16,333,"S","S4","T3","659.127","Y","N",7,"V",1,NA,"0",NA,0,NA,NA,NA,NA,NA,NA,NA,NA
16,334,"V","S4","T3","513.13","Y","Y",5,NA,0,NA,"0",0,0,0,NA,NA,NA,NA,NA,NA,NA
16,335,"S","C","T3","759.864","Y","N",5,"S",2,NA,"0",990.1425,0,990.1425,NA,NA,NA,NA,NA,NA,NA
16,336,"V","C","T3","679.9075","Y","N",4,"S",1,NA,"0",593.088,0,593.088,NA,NA,NA,NA,NA,NA,NA
18,337,"S","S1","T2","973.0965","N","N",6,"S",2,"S","1",NA,691.017,NA,NA,NA,NA,NA,NA,NA,NA
18,338,"V","S1","T2","485.1835","Y","N",7,NA,0,NA,"0",0,0,0,NA,NA,NA,NA,NA,NA,NA
18,339,"S","S2","T2","640.524","Y","N",5,"S",2,"S","1",NA,369.15,NA,NA,NA,NA,NA,NA,NA,NA
18,340,"V","S2","T2","360.476","N","N",6,"V",2,NA,"0",410.3852,0,410.3852,NA,NA,NA,NA,NA,NA,NA
18,341,"S","S4","T2","625.9575","Y","N",6,"V",1,NA,"0",NA,0,NA,NA,NA,NA,NA,NA,NA,NA
18,342,"V","S4","T2","513.13","N","N",7,"V",1,NA,"0",440.1085,0,440.1085,NA,NA,NA,NA,NA,NA,NA
18,343,"S","C","T2","636.8385","N","N",6,"V",2,NA,"0",NA,0,NA,NA,NA,NA,NA,NA,NA,NA
18,344,"V","C","T2","459.641","N","N",5,"S",1,NA,"0",759.111,0,759.111,NA,NA,NA,NA,NA,NA,NA
18,345,"S","S1","T1","357.0915","N","N",11,"V",1,"V","1",NA,264.917,NA,NA,NA,NA,NA,NA,NA,NA
18,346,"V","S1","T1","285.952","N","N",11,"V",2,"V","1",NA,143.2145,NA,NA,NA,NA,NA,NA,NA,NA
18,347,"S","S2","T1","704.406","N","N",11,"S",1,NA,"0",552.5475,0,552.5475,NA,NA,NA,NA,NA,NA,NA
18,348,"V","S2","T1","258.306","N","N",11,"V",1,"V","1",NA,NA,NA,NA,NA,NA,NA,NA,NA,NA
18,349,"S","S4","T1","522.588","N","N",11,"S",1,NA,"0",264.201,0,264.201,NA,NA,NA,NA,NA,NA,NA
18,350,"V","S4","T1","231.41125","N","N",5,"V",1,NA,"0",522.145,0,522.145,NA,NA,NA,NA,NA,NA,NA
18,351,"S","C","T1","369.201","N","N",11,"S",1,NA,"0",729.276,0,729.276,NA,NA,NA,NA,NA,NA,NA
18,352,"V","C","T1","258.306","N","N",5,"V",1,NA,"0",NA,0,NA,NA,NA,NA,NA,NA,NA,NA
18,353,"S","S1","T3","571.50045","N","N",11,"S",2,"V","1",285.586,224.65,510.236,NA,NA,NA,NA,NA,NA,NA
18,354,"V","S1","T3","314.95025","N","N",11,"V",2,"V","1",NA,788.0875,NA,NA,NA,NA,NA,NA,NA,NA
18,355,"S","S2","T3","907.635","Y","N",4,"S",2,"V","1",953.7775,NA,NA,NA,NA,NA,NA,NA,NA,NA
18,356,"V","S2","T3","314.34925","N","N",11,"V",1,NA,"0",271.9787,0,271.9787,NA,NA,NA,NA,NA,NA,NA
18,357,"S","S4","T3","503.1075","N","N",11,"V",1,NA,"0",587.654,0,587.654,NA,NA,NA,NA,NA,NA,NA
18,359,"S","C","T3","554.0025","N","N",11,"V",1,NA,"0",NA,0,NA,NA,NA,NA,NA,NA,NA,NA
18,360,"V","C","T3","344.85","N","N",11,"V",1,NA,"0",457.237,0,457.237,NA,NA,NA,NA,NA,NA,NA
19,361,"S","S1","T2","683.697","Y","N",5,NA,0,"S","1",0,NA,NA,NA,NA,NA,NA,NA,NA,NA
19,362,"V","S1","T2","400.4425","Y","Y",4,"V",1,"V","1",NA,NA,NA,NA,NA,NA,NA,NA,NA,NA
19,363,"S","S2","T2","618.5865","N","N",5,"S",1,NA,"0",NA,0,NA,NA,NA,NA,NA,NA,NA,NA
19,364,"V","S2","T2","314.34925","Y","N",5,"V",1,NA,"0",271.528,0,271.528,NA,NA,NA,NA,NA,NA,NA
19,365,"S","S4","T2","432.03","Y","N",6,"V",1,NA,"0",322.3125,0,322.3125,NA,NA,NA,NA,NA,NA,NA
19,366,"V","S4","T2","416.97","Y","N",6,"V",1,NA,"0",383.915,0,383.915,NA,NA,NA,NA,NA,NA,NA
19,367,"S","C","T2","649.299","N","N",8,"S",1,NA,"0",570.975,0,570.975,NA,NA,NA,NA,NA,NA,NA
19,368,"V","C","T2","442.36225","Y","N",7,"V",1,NA,"0",165.4515,0,165.4515,NA,NA,NA,NA,NA,NA,NA
19,369,"S","S1","T1","605.775","Y","N",11,"S",2,"V","1",638.821,618.305,1257.126,NA,NA,NA,NA,NA,NA,NA
19,370,"V","S1","T1","165.4515","N","N",5,NA,0,NA,"0",0,0,0,NA,NA,NA,NA,NA,NA,NA
19,371,"S","S2","T1","664.041","Y","N",11,"S",1,NA,"0",NA,0,NA,NA,NA,NA,NA,NA,NA,NA
19,372,"V","S2","T1","122.7805","Y","N",6,NA,0,NA,"0",0,0,0,NA,NA,NA,NA,NA,NA,NA
19,373,"S","S4","T1","243.894","N","N",11,"S",1,NA,"0",536.928,0,536.928,NA,NA,NA,NA,NA,NA,NA
19,374,"V","S4","T1","286.10225","Y","N",5,"S",1,NA,"0",274.5555,0,274.5555,NA,NA,NA,NA,NA,NA,NA
19,375,"S","C","T1","717.744","N","N",11,"S",1,NA,"0",NA,0,NA,NA,NA,NA,NA,NA,NA,NA
19,376,"V","C","T1","225.5515","N","N",6,"V",1,NA,"0",NA,0,NA,NA,NA,NA,NA,NA,NA,NA
19,377,"S","S1","T3","521.535","Y","N",11,"S",1,"V","1",NA,NA,NA,NA,NA,NA,NA,NA,NA,NA
19,378,"V","S1","T3","307.588","Y","N",11,NA,0,NA,"0",0,0,0,NA,NA,NA,NA,NA,NA,NA
19,379,"S","S2","T3","879.906","N","N",11,"S",2,NA,"0",NA,0,NA,NA,NA,NA,NA,NA,NA,NA
19,380,"V","S2","T3","468.055","Y","N",11,"S",1,NA,"0",420.045,0,420.045,NA,NA,NA,NA,NA,NA,NA
19,381,"S","S4","T3","797.772","Y","N",11,"S",1,NA,"0",1163.463,0,1163.463,NA,NA,NA,NA,NA,NA,NA
19,382,"V","S4","T3","433.798","Y","N",11,"V",1,NA,"0",225.5515,0,225.5515,NA,NA,NA,NA,NA,NA,NA
19,384,"V","C","T3","272.129","Y","N",11,"V",1,NA,"0",300.376,0,300.376,NA,NA,NA,NA,NA,NA,NA
21,385,"S","S1","T2","625.431","N","N",7,"V",2,NA,"0",456.3205,0,456.3205,"V",2,"NAN",0,327.5965,0,327.5965
21,386,"V","S1","T2","376.25225","Y","N",5,"V",1,"V","1",NA,285.952,NA,"V",1,"V",1,108.056,322.3125,430.3685
21,387,"S","S2","T2","464.8485","Y","N",7,"V",1,"V","1",NA,NA,NA,"V",1,"V",1,93.632,94.3137,187.9457
21,388,"V","S2","T2","442.36225","N","N",7,"V",1,"V","1",425.384,314.8,740.184,"V",1,"V",1,292.8635,NA,NA
21,389,"S","S4","T2","631.2225","N","N",8,"S",2,NA,"0",NA,0,NA,"V",3,"NAN",0,972.51475,0,972.51475
21,390,"V","S4","T2","300.376","Y","N",8,NA,0,NA,"0",0,0,0,"NAN",0,"NAN",0,0,0,0
21,391,"S","C","T2","688.611","N","N",6,"S",1,NA,"0",709.62,0,709.62,"V",1,"NAN",0,733.096,0,733.096
21,392,"V","C","T2","408.70625","N","N",6,"V",1,NA,"0",148.924,0,148.924,"V",1,"NAN",0,127.889,0,127.889
21,393,"S","S1","T1","420.096","N","N",11,"V",1,"V","1",272.129,182.58,454.709,"V",1,"V",1,345.00025,251.3945,596.39475
21,394,"V","S1","T1","188.59","N","N",11,"V",1,NA,"0",68.4776,0,68.4776,"V",1,"NAN",0,58.4059,0,58.4059
21,395,"S","S2","T1","382.188","N","N",11,"V",2,"V","1",753.406,359.875,1113.281,"V",2,"V",2,462.671,511.163,973.834
21,396,"V","S2","T1","279.0405","Y","N",11,"V",1,"V","1",53.589,127.889,181.478,"V",1,"V",1,127.889,206.16925,334.05825
21,397,"S","S4","T1","331.8195","N","N",11,NA,0,"V","1",0,143.515,143.515,"NAN",0,"V",1,0,138.25625,138.25625
21,398,"V","S4","T1","352.663","N","N",11,"V",1,NA,"0",468.055,0,468.055,"V",1,"NAN",0,608.088,0,608.088
21,399,"S","C","T1","846.21","Y","N",11,"V",2,NA,"0",209.2,0,209.2,"V",2,"NAN",0,615.4765,0,615.4765
21,400,"V","C","T1","293.164","N","N",11,"V",1,NA,"0",468.3555,0,468.3555,"V",1,"NAN",0,569.023,0,569.023
21,401,"S","S1","T3","364.287","Y","N",4,"V",1,NA,"0",188.59,0,188.59,"V",1,"NAN",0,279.0405,0,279.0405
21,402,"V","S1","T3","376.102","N","N",11,"V",1,NA,"0",272.129,0,272.129,"V",1,"NAN",0,368.289,0,368.289
21,403,"S","S2","T3","602.4405","N","N",5,"V",2,NA,"0",898.3972,0,898.3972,"V",2,"NAN",0,558.3815,0,558.3815
21,404,"V","S2","T3","384.2155","Y","N",5,"V",1,"V","1",NA,NA,NA,"V",1,"V",1,265.2175,81.6146,346.8321
21,405,"S","S4","T3","1045.7535","N","N",5,"S",1,NA,"0",1088.7,0,1088.7,"S",2,"NAN",0,1187.125,0,1187.125
21,406,"V","S4","T3","541.0765","N","N",11,"S",1,NA,"0",425.31,0,425.31,"V",1,"V",1,225.251,94.3137,319.5647
21,407,"S","C","T3","967.8315","Y","N",4,"S",1,NA,"0",NA,0,NA,"V",1,"NAN",0,560.008,0,560.008
21,408,"V","C","T3","279.0405","N","N",6,"V",2,NA,"0",666.916,0,666.916,"V",2,"NAN",0,599.2495,0,599.2495
23,409,"S","S1","T2","483.4515","N","N",6,"V",2,"V","1",312.272,495.1,807.372,"V",2,"V",2,537.19625,641.3375,1178.53375
23,410,"V","S1","T2","314.95025","N","N",5,"V",1,NA,"0",171.161,0,171.161,"V",1,"NAN",0,182.12925,0,182.12925
23,411,"S","S2","T2","586.821","N","N",5,"V",2,"V","1",NA,271.528,NA,"V",2,"NAN",0,705.726,0,705.726
23,412,"V","S2","T2","486.085","N","N",5,"V",1,"V","1",477.07,NA,NA,"V",1,"V",1,400.4425,212.63,613.0725
23,413,"S","S4","T2","753.195","N","N",5,"S",2,NA,"0",NA,0,NA,"V",2,"NAN",0,383.19,0,383.19
23,414,"V","S4","T2","495.1","N","N",6,"S",1,NA,"0",635.208,0,635.208,"S",1,"NAN",0,719.9745,0,719.9745
23,415,"S","C","T2","557.337","N","N",5,"S",1,NA,"0",794.7375,0,794.7375,"V",2,"NAN",0,885.025,0,885.025
23,416,"V","C","T2","588.856","N","N",5,"V",1,NA,"0",513.13,0,513.13,"V",1,"NAN",0,569.023,0,569.023
23,417,"S","S1","T1","597.8775","N","N",11,"S",2,NA,"0",NA,0,NA,"V",2,"NAN",0,NA,0,NA
23,418,"V","S1","T1","307.2875","N","N",6,"S",1,"V","1",348.792,NA,NA,"V",1,"V",1,337.3375,486.085,823.4225
23,419,"S","S2","T1","446.5965","N","N",11,"S",2,NA,"0",743.214,0,743.214,"V",3,"NAN",0,957.3215,0,957.3215
23,420,"V","S2","T1","238.473","N","N",11,"V",1,"V","1",359.875,NA,NA,"V",1,"V",1,337.3375,49.21,386.5475
23,421,"S","S4","T1","586.119","N","N",11,"S",2,NA,"0",NA,0,NA,"V",2,"NAN",0,429.709,0,429.709
23,422,"V","S4","T1","251.695","N","N",5,"V",1,NA,"0",NA,0,NA,"V",1,"NAN",0,494.94975,0,494.94975
23,423,"S","C","T1","600.861","N","N",6,"S",1,NA,"0",556.584,0,556.584,"S",1,"NAN",0,505.689,0,505.689
23,424,"V","C","T1","588.856","N","N",11,"S",1,NA,"0",934.962,0,934.962,"S",1,"NAN",0,972.87,0,972.87
23,425,"S","S1","T3","737.2245","N","N",11,"S",1,NA,"0",253.32,0,253.32,"V",1,"V",1,58.4059,232.01225,290.41815
23,426,"V","S1","T3","383.915","N","N",11,"S",1,"V","1",NA,NA,NA,"V",1,"V",1,279.0405,127.889,406.9295
23,427,"S","S2","T3","717.042","N","N",11,"S",2,NA,"0",752.34,0,752.34,"V",3,"V",1,522.4455,271.97875,794.42425
23,428,"V","S2","T3","400.4425","N","N",11,"S",1,"V","1",338.4375,NA,NA,"V",1,"NAN",0,329.825,0,329.825
23,429,"S","S4","T3","657.021","N","N",11,"S",1,"V","1",714.534,47.0205,761.5545,"S",2,"V",1,747.1225,65.8502,812.9727
23,430,"V","S4","T3","442.212","N","N",11,"V",1,NA,"0",494.499,0,494.499,"V",1,"NAN",0,531.16,0,531.16
23,431,"S","C","T3","387.804","N","N",4,"V",2,NA,"0",NA,0,NA,"S",2,"NAN",0,690.8785,0,690.8785
23,432,"V","C","T3","459.49075","N","N",11,"V",1,NA,"0",608.088,0,608.088,"V",1,"NAN",0,607.363,0,607.363
25,433,"S","S1","T2","639.822","N","N",8,"S",1,NA,"0",391.0875,0,391.0875,"V",1,"NAN",0,329.224,0,329.224
25,434,"V","S1","T2","459.49075","N","N",7,"V",2,"V","1",NA,376.102,NA,"V",2,"V",1,471.8375,375.65125,847.48875
25,435,"S","S2","T2","348.492","N","N",7,"V",2,NA,"0",NA,0,NA,"V",2,"NAN",0,664.30775,0,664.30775
25,436,"V","S2","T2","569.624","N","N",8,"V",1,"V","1",NA,495.1,NA,"V",1,"V",1,218.64,400.027275,618.667275
25,437,"S","S4","T2","534.171","N","N",6,"S",1,"V","1",693.2985,NA,NA,"V",2,"NAN",0,636.66175,0,636.66175
25,438,"V","S4","T2","408.556","N","N",5,"S",1,"V","1",520.08,NA,NA,"V",1,"V",1,NA,NA,NA
25,439,"S","C","T2","470.64","N","N",7,NA,0,NA,"0",0,0,0,"NAN",0,"NAN",0,0,0,0
25,440,"V","C","T2","433.798","N","N",7,"V",1,NA,"0",477.07,0,477.07,"NAN",0,"NAN",0,0,0,0
25,441,"S","S1","T1","515.568","N","N",11,NA,0,NA,"0",0,0,0,"NAN",0,"NAN",0,0,0,0
25,442,"V","S1","T1","244.93375","N","N",11,"V",1,NA,"0",225.5515,0,225.5515,"V",1,"NAN",0,219.241,0,219.241
25,443,"S","S2","T1","592.086","N","N",11,"S",2,"V","1",881.848,NA,NA,"S",2,"V",1,1007.23,65.19335,1072.42335
25,444,"V","S2","T1","360.6551","N","N",11,"V",1,"V","1",NA,NA,NA,"V",1,"V",1,200.61,171.161,371.771
25,445,"S","S4","T1","739.857","N","N",11,"V",1,"V","1",NA,NA,NA,"V",1,"V",1,98.47375,49.21,147.68375
25,446,"V","S4","T1","307.588","N","N",11,"V",1,NA,"0",376.102,0,376.102,"V",1,"NAN",0,122.48,0,122.48
25,447,"S","C","T1","529.608","N","N",11,"S",1,NA,"0",829.662,0,829.662,"S",1,"NAN",0,844.404,0,844.404
25,448,"V","C","T1","495.1","N","N",11,"V",1,NA,"0",154.333,0,154.333,"NAN",0,"NAN",0,0,0,0
25,449,"S","S1","T3","728.274","N","N",6,"S",1,"V","1",NA,NA,NA,"V",1,"V",1,282.88145,425.384,708.26545
25,450,"V","S1","T3","513.13","N","N",11,"S",1,NA,"0",407.76,0,407.76,"V",1,"NAN",0,477.2465,0,477.2465
25,451,"S","S2","T3","498.369","N","N",11,"S",1,"V","1",NA,NA,NA,"NAN",0,"NAN",0,0,0,0
25,452,"V","S2","T3","408.556","N","N",11,"S",1,NA,"0",341.772,0,341.772,"V",1,"NAN",0,424.03175,0,424.03175
25,453,"S","S4","T3","565.41","N","Y",11,"S",1,NA,"0",586.068,0,586.068,"V",3,"NAN",0,NA,0,NA
25,454,"V","S4","T3","392.17875","N","Y",11,NA,0,NA,"0",0,0,0,"NAN",0,"NAN",0,0,0,0
25,455,"S","C","T3","620.166","N","N",5,"V",2,NA,"0",NA,0,NA,"V",2,"NAN",0,705.6265,0,705.6265
25,456,"V","C","T3","368.289","N","N",11,"S",1,NA,"0",548.862,0,548.862,"V",1,"NAN",0,598.7725,0,598.7725
26,457,"S","S1","T2","450.282","N","N",6,"S",2,NA,"0",NA,0,NA,"V",1,"NAN",0,338.9499,0,338.9499
26,458,"V","S1","T2","384.2155","N","N",5,"V",1,"V","1",98.59025,351.7615,450.35175,"V",1,"V",2,225.5515,418.79925,644.35075
26,459,"S","S2","T2","786.54","Y","N",6,"S",1,"V","1",340.5435,279.818,620.3615,"V",1,"V",2,608.088,297.0875,905.1755
26,460,"V","S2","T2","486.085","N","N",6,"V",1,"V","1",NA,NA,NA,"V",1,"V",1,329.825,219.241,549.066
26,461,"S","S4","T2","742.665","Y","N",6,"S",1,"V","1",907.935,138.2563,1046.1913,"S",1,"V",1,525.696,103.9475,629.6435
26,462,"V","S4","T2","360.476","Y","N",6,"V",1,NA,"0",NA,0,NA,"V",1,"NAN",0,569.624,0,569.624
26,463,"S","C","T2","744.771","N","N",6,"S",1,NA,"0",NA,0,NA,"S",1,"NAN",0,588.876,0,588.876
26,464,"V","C","T2","352.663","N","N",5,"V",1,NA,"0",NA,0,NA,"V",1,"NAN",0,495.1,0,495.1
26,465,"S","S1","T1","531.8895","Y","N",11,NA,0,NA,"0",0,0,0,"NAN",0,"NAN",0,0,0,0
26,466,"V","S1","T1","279.0405","N","N",5,NA,0,NA,"0",0,0,0,"NAN",0,"NAN",0,0,0,0
26,467,"S","S2","T1","466.779","N","N",7,"V",1,"V","1",NA,159.742,NA,"V",1,"V",0,408.556,0,408.556
26,468,"V","S2","T1","408.556","N","N",11,"S",1,NA,"0",479.364,0,479.364,"V",1,"NAN",0,486.085,0,486.085
26,469,"S","S4","T1","757.407","N","N",11,"V",1,NA,"0",NA,0,NA,"V",1,"NAN",0,376.102,0,376.102
26,470,"V","S4","T1","579.24","Y","N",11,"V",1,NA,"0",NA,0,NA,"NAN",0,"NAN",0,0,0,0
26,471,"S","C","T1","508.899","N","N",5,"V",1,NA,"0",NA,0,NA,"S",1,"NAN",0,693.123,0,693.123
26,472,"V","C","T1","513.13","N","N",11,NA,0,NA,"0",0,0,0,"NAN",0,"NAN",0,0,0,0
26,473,"S","S1","T3","891.489","N","N",11,"V",1,"S","1",NA,NA,NA,"NAN",0,"NAN",0,0,0,0
26,474,"V","S1","T3","485.7845","Y","N",11,"V",1,"V","2",NA,359.6035,NA,"V",1,"V",2,127.54035,221.851,349.39135
26,475,"S","S2","T3","789.348","N","N",11,"V",1,NA,"0",588.856,0,588.856,"S",1,"NAN",0,867.57,0,867.57
26,476,"V","S2","T3","608.53875","N","N",11,"S",1,"V","1",603.267,194.4497,797.7167,"V",1,"V",1,608.689,258.306,866.995
26,477,"S","S4","T3","1022.763","N","N",11,"S",1,NA,"0",767.886,0,767.886,"S",2,"V",1,943.441,112.864,1056.305
26,478,"V","S4","T3","311.194","N","N",11,"V",1,NA,"0",352.663,0,352.663,"V",1,"NAN",0,329.67475,0,329.67475
26,479,"S","C","T3","596.649","Y","N",11,"S",1,NA,"0",836.331,0,836.331,"S",1,"NAN",0,934.26,0,934.26
26,480,"V","C","T3","541.0765","N","N",11,"V",1,NA,"0",765.8505,0,765.8505,"S",1,"NAN",0,994.632,0,994.632
27,481,"S","S1","T2","755.652","N","N",6,"V",1,NA,"0",285.952,0,285.952,"V",1,"NAN",0,374.9,0,374.9
27,482,"V","S1","T2","368.289","N","N",7,"V",1,"V","1",97.379,344.85,442.229,"V",1,"V",1,148.77375,450.9265,599.70025
27,483,"S","S2","T2","658.2495","N","N",6,"S",1,"V","1",621.87,513.13,1135,"S",1,"V",1,658.725,481.2945,1140.0195
27,485,"S","S4","T2","556.284","N","N",11,"S",1,"V","1",522.186,159.742,681.928,"S",1,"V",1,629.592,103.248,732.84
27,486,"V","S4","T2","486.085","N","N",7,"S",1,"V","1",623.976,108.056,732.032,"V",1,"V",1,486.085,132.9975,619.0825
27,487,"S","C","T2","583.662","N","N",7,"S",1,NA,"0",1072.554,0,1072.554,"S",1,"NAN",0,1122.045,0,1122.045
27,488,"V","C","T2","384.2155","N","N",8,"S",1,NA,"0",415.482,0,415.482,"V",1,"NAN",0,265.2175,0,265.2175
27,489,"S","S1","T1","571.377","N","N",7,"S",1,"V","1",311.586,245.084,556.67,"V",1,"V",1,468.3555,400.4425,868.798
27,490,"V","S1","T1","200.61","N","N",8,"V",1,"V","1",206.62,127.889,334.509,"V",1,"V",1,251.695,165.4515,417.1465
27,491,"S","S2","T1","613.497","N","N",7,"S",1,"V","1",637.314,NA,NA,"V",1,"V",1,477.22025,450.9265,928.14675
27,492,"V","S2","T1","307.588","N","N",6,"V",1,"V","1",NA,NA,NA,"NAN",0,"V",1,0,28.40975,28.40975
27,493,"S","S4","T1","472.5705","N","N",7,"V",1,NA,"0",NA,0,NA,"V",1,"NAN",0,91.138925,0,91.138925
27,494,"V","S4","T1","307.588","N","N",9,"S",1,NA,"0",163.464,0,163.464,"NAN",0,"V",1,0,38.91935,38.91935
27,495,"S","C","T1","683.1705","N","N",6,"S",1,NA,"0",934.26,0,934.26,"V",1,"NAN",0,794.5745,0,794.5745
27,496,"V","C","T1","344.85","N","N",7,"V",1,NA,"0",477.07,0,477.07,"V",1,"NAN",0,368.289,0,368.289
27,497,"S","S1","T3","548.0355","N","N",11,"V",1,"V","1",258.306,408.556,666.862,"V",1,"V",1,245.084,329.825,574.909
27,498,"V","S1","T3","360.32575","N","N",11,"S",1,NA,"0",148.02,0,148.02,"V",1,"NAN",0,182.58,0,182.58
27,499,"S","S2","T3","573.483","N","N",4,"S",1,"V","1",569.922,231.862,801.784,"S",1,"V",1,735.7695,127.889,863.6585
27,500,"V","S2","T3","477.07","N","N",11,"V",1,NA,"0",408.556,0,408.556,"V",1,"V",1,450.9265,212.9305,663.857
27,501,"S","S4","T3","462.216","N","N",11,"S",1,NA,"0",567.114,0,567.114,"V",1,"NAN",0,541.0765,0,541.0765
27,502,"V","S4","T3","345.00025","N","N",11,"V",1,NA,"0",408.556,0,408.556,"V",1,"V",1,360.476,51.3995,411.8755
27,503,"S","C","T3","313.9185","N","N",11,"S",1,NA,"0",814.92,0,814.92,"S",2,"NAN",0,755.68675,0,755.68675
27,504,"V","C","T3","314.95025","N","N",11,"S",1,NA,"0",631.698,0,631.698,"S",1,"NAN",0,503.4075,0,503.4075
28,505,"S","S1","T2","643.5075","N","N",7,"V",2,"V","2",291.979,69.3025,361.2815,"V",2,"V",1,344.78,322.12,666.9
28,506,"V","S1","T2","314.8","N","N",5,"V",1,"V","1",116.47,193.999,310.469,"V",1,"V",1,200.3095,182.58,382.8895
28,507,"S","S2","T2","490.647","N","N",6,"S",1,"V","1",480.768,300.376,781.144,"V",1,"V",1,359.875,314.95025,674.82525
28,508,"V","S2","T2","265.2175","N","N",7,"V",1,"V","1",300.376,170.56,470.936,"V",1,"V",1,293.164,103.9475,397.1115
28,509,"S","S4","T2","333.048","N","N",6,"V",1,NA,"0",408.556,0,408.556,"V",1,"NAN",0,459.49075,0,459.49075
28,510,"V","S4","T2","408.556","N","N",7,"S",1,"V","1",469.536,97.379,566.915,"V",1,"V",1,138.25625,85.227275,223.483525
28,511,"S","C","T2","738.102","N","N",6,"S",2,NA,"0",781.122,0,781.122,"V",3,"NAN",0,1087.1375,0,1087.1375
28,512,"V","C","T2","352.663","N","N",7,"S",1,NA,"0",463.218,0,463.218,"V",2,"NAN",0,490.61875,0,490.61875
28,513,"S","S1","T1","306.021","N","N",11,"S",2,"V","2",NA,NA,NA,"V",2,"V",2,207.574375,332.706,540.280375
28,514,"V","S1","T1","408.70625","N","N",5,"S",2,NA,"0",NA,0,NA,"V",2,"NAN",0,387.24675,0,387.24675
28,515,"S","S2","T1","472.2195","N","N",6,"V",2,"V","2",NA,194.758,NA,"V",2,"V",2,136.5173,178.7498,315.2671
28,517,"S","S4","T1","570.8505","N","N",5,"S",1,NA,"0",499.02,0,499.02,"NAN",0,"NAN",0,0,0,0
28,518,"V","S4","T1","360.476","N","N",6,"V",1,"V","1",442.212,58.4059,500.6179,"V",1,"V",1,569.023,42.86045,611.88345
28,519,"S","C","T1","397.632","N","N",11,"S",1,NA,"0",627.486,0,627.486,"V",1,"NAN",0,531.16,0,531.16
28,521,"S","S1","T3","479.766","N","N",11,"S",1,"V","2",289.824,537.046,826.87,"V",1,"V",2,293.9415,87.585625,381.527125
28,522,"V","S1","T3","384.2155","N","N",11,"V",1,"V","1",219.241,212.506,431.747,"V",1,"V",1,272.129,171.01075,443.13975
28,523,"S","S2","T3","372.009","N","N",11,"V",2,NA,"0",NA,0,NA,"V",2,"NAN",0,348.48225,0,348.48225
28,524,"V","S2","T3","598.7725","N","N",11,"S",1,"V","1",541.14,158.54,699.68,"V",1,"V",1,690.27475,232.18875,922.4635
28,525,"S","S4","T3","730.9065","N","N",11,"S",1,"V","1",709.62,NA,NA,"V",2,"V",1,453.95775,55.28685,509.2446
28,526,"V","S4","T3","522.4455","N","N",11,"S",1,NA,"0",794.562,0,794.562,"S",1,"V",1,NA,107.90575,NA
28,527,"S","C","T3","436.242","N","N",11,"V",1,NA,"0",NA,0,NA,"V",1,"NAN",0,400.4425,0,400.4425
28,528,"V","C","T3","300.376","N","N",11,"V",1,NA,"0",408.556,0,408.556,"V",1,"NAN",0,457.254,0,457.254
29,529,"S","S1","T2","488.541","Y","N",7,NA,0,"S","1",0,NA,NA,NA,NA,NA,NA,NA,NA,NA
29,530,"V","S1","T2","314.8","N","N",6,NA,0,"V","1",0,486.085,486.085,NA,NA,NA,NA,NA,NA,NA
29,531,"S","S2","T2","734.943","N","N",5,NA,0,"V","1",0,272.129,272.129,NA,NA,NA,NA,NA,NA,NA
29,532,"V","S2","T2","486.085","N","Y",5,NA,0,NA,"0",0,0,0,NA,NA,NA,NA,NA,NA,NA
29,533,"S","S4","T2","578.046","N","Y",8,NA,0,"V","1",0,NA,NA,NA,NA,NA,NA,NA,NA,NA
29,534,"V","S4","T2","392.17875","Y","N",9,"V",2,NA,"0",NA,0,NA,NA,NA,NA,NA,NA,NA,NA
29,535,"S","C","T2","299.5275","Y","N",6,"S",1,NA,"0",NA,0,NA,NA,NA,NA,NA,NA,NA,NA
29,536,"V","C","T2","424.783","N","N",7,"V",1,NA,"0",NA,0,NA,NA,NA,NA,NA,NA,NA,NA
29,537,"S","S1","T1","251.616","N","N",11,NA,0,NA,"0",0,0,0,NA,NA,NA,NA,NA,NA,NA
29,538,"V","S1","T1","307.588","N","N",7,"S",1,"V","1",NA,NA,NA,NA,NA,NA,NA,NA,NA,NA
29,539,"S","S2","T1","612.6195","Y","Y",11,NA,0,NA,"0",0,0,0,NA,NA,NA,NA,NA,NA,NA
29,540,"V","S2","T1","322.3125","Y","N",6,"S",1,NA,"0",432.681,0,432.681,NA,NA,NA,NA,NA,NA,NA
29,541,"S","S4","T1","497.4915","N","N",8,"S",2,NA,"0",NA,0,NA,NA,NA,NA,NA,NA,NA,NA
29,542,"V","S4","T1","459.49075","N","N",6,"S",1,"V","1",NA,NA,NA,NA,NA,NA,NA,NA,NA,NA
29,543,"S","C","T1","520.833","N","N",6,"S",1,NA,"0",NA,0,NA,NA,NA,NA,NA,NA,NA,NA
29,544,"V","C","T1","322.012","N","Y",5,NA,0,NA,"0",0,0,0,NA,NA,NA,NA,NA,NA,NA
29,546,"V","S1","T3","442.212","N","N",11,"V",1,"V","1",NA,NA,NA,NA,NA,NA,NA,NA,NA,NA
29,547,"S","S2","T3","805.3185","N","N",11,"V",1,"V","1",754.732,NA,NA,NA,NA,NA,NA,NA,NA,NA
29,548,"V","S2","T3","300.22575","Y","N",4,"V",1,NA,"0",351.7615,0,351.7615,NA,NA,NA,NA,NA,NA,NA
29,549,"S","S4","T3","760.917","Y","N",11,"V",1,NA,"0",NA,0,NA,NA,NA,NA,NA,NA,NA,NA
29,550,"V","S4","T3","345.00025","N","N",5,"V",1,NA,"0",392.329,0,392.329,NA,NA,NA,NA,NA,NA,NA
29,551,"S","C","T3","367.095","N","N",5,"S",1,NA,"0",902.67,0,902.67,NA,NA,NA,NA,NA,NA,NA
29,552,"V","C","T3","433.798","Y","N",5,"S",2,NA,"0",NA,0,NA,NA,NA,NA,NA,NA,NA,NA
30,553,"S","S1","T2","786.54","N","N",7,"S",2,"S","1",771.177,607.128,1378.305,NA,NA,NA,NA,NA,NA,NA
30,554,"V","S1","T2","732.94575","N","N",5,"V",1,"V","1",206.7702,457.237,664.0072,NA,NA,NA,NA,NA,NA,NA
30,555,"S","S2","T2","688.7865","Y","N",7,NA,0,"V","1",0,690.2748,690.2748,NA,NA,NA,NA,NA,NA,NA
30,556,"V","S2","T2","232.01225","N","N",8,NA,0,NA,"0",0,0,0,NA,NA,NA,NA,NA,NA,NA
30,557,"S","S4","T2","559.794","Y","N",6,"S",1,"V","1",242.9655,103.9475,346.913,NA,NA,NA,NA,NA,NA,NA
30,558,"V","S4","T2","400.4425","N","N",6,"S",1,"V","1",659.778,107.455,767.233,NA,NA,NA,NA,NA,NA,NA
30,559,"S","C","T2","573.132","Y","N",6,"S",1,NA,"0",805.443,0,805.443,NA,NA,NA,NA,NA,NA,NA
30,560,"V","C","T2","425.23375","N","N",5,"S",1,NA,"0",710.673,0,710.673,NA,NA,NA,NA,NA,NA,NA
30,561,"S","S1","T1","406.056","Y","N",11,"S",2,"V","2",NA,728.783,NA,NA,NA,NA,NA,NA,NA,NA
30,562,"V","S1","T1","176.8705","N","N",6,"V",1,"V","1",NA,138.2563,NA,NA,NA,NA,NA,NA,NA,NA
30,563,"S","S2","T1","555.4065","N","N",11,"V",2,"V","1",NA,442.3622,NA,NA,NA,NA,NA,NA,NA,NA
30,564,"V","S2","T1","329.825","N","N",5,"S",1,NA,"0",457.602,0,457.602,NA,NA,NA,NA,NA,NA,NA
30,565,"S","S4","T1","492.753","N","N",5,"S",1,"V","1",NA,20.7465,NA,NA,NA,NA,NA,NA,NA,NA
30,566,"V","S4","T1","531.61075","N","N",11,"S",1,NA,"0",746.124,0,746.124,NA,NA,NA,NA,NA,NA,NA
30,567,"S","C","T1","713.3565","N","N",11,"S",1,NA,"0",484.629,0,484.629,NA,NA,NA,NA,NA,NA,NA
30,568,"V","C","T1",".","N","N",11,"V",1,NA,"0",194.6,0,194.6,NA,NA,NA,NA,NA,NA,NA
30,569,"S","S1","T3","823.9215","Y","N",11,"S",1,"V","1",611.8665,648.355,1260.2215,NA,NA,NA,NA,NA,NA,NA
30,570,"V","S1","T3","468.3555","N","N",11,"S",1,"V","1",NA,NA,NA,NA,NA,NA,NA,NA,NA,NA
30,571,"S","S2","T3","909.741","Y","N",11,"S",1,"V","1",739.104,486.085,1225.189,NA,NA,NA,NA,NA,NA,NA
30,572,"V","S2","T3",".","","N",11,"S",2,NA,"0",687.91875,0,687.91875,NA,NA,NA,NA,NA,NA,NA
30,573,"S","S4","T3","975.9045","N","N",11,"S",1,NA,"0",1038.507,0,1038.507,NA,NA,NA,NA,NA,NA,NA
30,574,"V","S4","T3",".","","N",11,"V",1,NA,"0",588.856,0,588.856,NA,NA,NA,NA,NA,NA,NA
30,575,"S","C","T3","662.637","Y","N",11,"S",1,NA,"0",829.662,0,829.662,NA,NA,NA,NA,NA,NA,NA
30,576,"V","C","T3","442.212","N","N",11,"V",1,NA,"0",588.856,0,588.856,NA,NA,NA,NA,NA,NA,NA
32,577,"S","S1","T2","553.125","N","Y",6,NA,0,"S","1",0,686.454,686.454,NA,NA,NA,NA,NA,NA,NA
32,578,"V","S1","T2","425.384","N","N",5,"V",1,"V","1",127.889,285.952,413.841,NA,NA,NA,NA,NA,NA,NA
32,579,"S","S2","T2","963.6058","N","N",5,"S",3,"V","1",NA,NA,NA,NA,NA,NA,NA,NA,NA,NA
32,580,"V","S2","T2","560.008","N","N",6,"V",1,NA,"0",442.212,0,442.212,NA,NA,NA,NA,NA,NA,NA
32,581,"S","S4","T2","652.458","N","N",6,"S",1,"V","1",989.718,NA,NA,NA,NA,NA,NA,NA,NA,NA
32,582,"V","S4","T2","459.641","Y","N",6,"V",1,NA,"0",314.9502,0,314.9502,NA,NA,NA,NA,NA,NA,NA
32,583,"S","C","T2","710.8995","N","N",5,"V",1,NA,"0",1235.232,0,1235.232,NA,NA,NA,NA,NA,NA,NA
32,584,"V","C","T2","531.761","N","N",6,NA,0,NA,"0",0,0,0,NA,NA,NA,NA,NA,NA,NA
32,585,"S","S1","T1","507.144","N","N",11,"S",2,"V","1",459.925,40.8899,500.8149,NA,NA,NA,NA,NA,NA,NA
32,586,"V","S1","T1","392.17875","N","N",6,"S",1,"V","1",NA,NA,NA,NA,NA,NA,NA,NA,NA,NA
32,587,"S","S2","T1","687.558","N","N",5,"V",1,NA,"0",359.875,0,359.875,NA,NA,NA,NA,NA,NA,NA
32,588,"V","S2","T1","408.556","N","N",11,"V",1,"V","1",307.588,194.6,502.188,NA,NA,NA,NA,NA,NA,NA
32,589,"S","S4","T1","956.775","N","N",6,"S",1,NA,"0",443.562,0,443.562,NA,NA,NA,NA,NA,NA,NA
32,590,"V","S4","T1","376.25225","N","N",5,"V",2,NA,"0",NA,0,NA,NA,NA,NA,NA,NA,NA,NA
32,591,"S","C","T1","288.471","N","N",6,"V",1,NA,"0",206.7702,0,206.7702,NA,NA,NA,NA,NA,NA,NA
32,592,"V","C","T1","442.36225","N","N",6,"V",1,NA,"0",648.355,0,648.355,NA,NA,NA,NA,NA,NA,NA
32,593,"S","S1","T3","605.9505","N","N",11,NA,0,"V","1",0,352.663,352.663,NA,NA,NA,NA,NA,NA,NA
32,594,"V","S1","T3","669.54025","N","N",11,"S",2,"V","2",NA,NA,NA,NA,NA,NA,NA,NA,NA,NA
32,595,"S","S2","T3","541.893","N","N",5,"V",1,NA,"0",689.824,0,689.824,NA,NA,NA,NA,NA,NA,NA
32,596,"V","S2","T3","494.94975","N","N",11,"S",1,"V","1",376.872,NA,NA,NA,NA,NA,NA,NA,NA,NA
32,597,"S","S4","T3","706.161","N","N",7,"S",2,"V","1",473.0425,NA,NA,NA,NA,NA,NA,NA,NA,NA
32,598,"V","S4","T3","733.096","N","N",6,"V",1,NA,"0",560.008,0,560.008,NA,NA,NA,NA,NA,NA,NA
32,599,"S","C","T3","473.9745","Y","N",11,"S",1,NA,"0",NA,0,NA,NA,NA,NA,NA,NA,NA,NA
32,600,"V","C","T3","486.085","N","N",7,"S",1,NA,"0",746.826,0,746.826,NA,NA,NA,NA,NA,NA,NA
33,601,"S","S1","T2","554.529","N","N",5,"S",2,"S","1",282.702,404.25,686.952,NA,NA,NA,NA,NA,NA,NA
33,602,"S","S2","T2","406.5825","N","N",5,"S",1,"S","1",330.189,NA,NA,NA,NA,NA,NA,NA,NA,NA
33,603,"V","S2","T2","560.008","N","N",7,"S",1,"V","1",990.42,329.825,1320.245,NA,NA,NA,NA,NA,NA,NA
33,604,"S","S4","T2","398.685","N","N",5,"S",1,NA,"0",694.3515,0,694.3515,NA,NA,NA,NA,NA,NA,NA
33,605,"V","S4","T2","522.145","N","N",6,"V",1,NA,"0",219.241,0,219.241,NA,NA,NA,NA,NA,NA,NA
33,606,"S","C","T2","422.0265","N","N",6,"S",1,NA,"0",696.984,0,696.984,NA,NA,NA,NA,NA,NA,NA
33,607,"V","C","T2","628.67225","Y","N",7,"V",2,NA,"0",912.824,0,912.824,NA,NA,NA,NA,NA,NA,NA
33,608,"V","C","T2","392.329","N","N",6,"S",1,NA,"0",538.8585,0,538.8585,NA,NA,NA,NA,NA,NA,NA
33,609,"S","S1","T1","407.109","N","N",11,"S",1,"S","1",590.28,278.241,868.521,NA,NA,NA,NA,NA,NA,NA
33,610,"V","S1","T1","251.695","N","N",11,"S",1,"V","1",347.388,182.7303,530.1183,NA,NA,NA,NA,NA,NA,NA
33,611,"S","S2","T1","431.679","N","N",5,"V",1,NA,"0",NA,0,NA,NA,NA,NA,NA,NA,NA,NA
33,612,"V","S2","T1","138.106","N","N",6,"V",1,NA,"0",300.376,0,300.376,NA,NA,NA,NA,NA,NA,NA
33,613,"S","S4","T1",".","N","N",5,"S",2,NA,"0",1269.714,0,1269.714,NA,NA,NA,NA,NA,NA,NA
33,614,"V","S4","T1","314.8","N","N",11,"V",1,NA,"0",408.7062,0,408.7062,NA,NA,NA,NA,NA,NA,NA
33,615,"S","C","T1","645.087","N","N",11,"S",1,NA,"0",699.792,0,699.792,NA,NA,NA,NA,NA,NA,NA
33,616,"V","C","T1","238.473","Y","N",5,"S",1,NA,"0",NA,0,NA,NA,NA,NA,NA,NA,NA,NA
33,618,"V","S1","T3","238.473","N","N",6,"S",1,NA,"0",NA,0,NA,NA,NA,NA,NA,NA,NA,NA
33,619,"S","S2","T3","516.0945","N","N",5,"S",1,NA,"0",NA,0,NA,NA,NA,NA,NA,NA,NA,NA
33,620,"V","S2","T3","265.2175","N","N",4,"S",1,NA,"0",NA,0,NA,NA,NA,NA,NA,NA,NA,NA
33,621,"S","S4","T3",".","","N",11,"V",1,NA,"0",531.761,0,531.761,NA,NA,NA,NA,NA,NA,NA
33,622,"V","S4","T3",".","","N",11,"V",1,"V","1",322.3125,82.4904,404.8029,NA,NA,NA,NA,NA,NA,NA
33,623,"S","C","T3","768.288","N","N",6,"S",1,NA,"0",774.906,0,774.906,NA,NA,NA,NA,NA,NA,NA
33,624,"V","C","T3","306.6865","N","N",6,"V",1,NA,"0",408.556,0,408.556,NA,NA,NA,NA,NA,NA,NA
34,625,"S","S1","T2","746.526","N","Y",8,NA,0,"S","1",0,575.538,575.538,NA,NA,NA,NA,NA,NA,NA
34,626,"V","S1","T2","513.13","N","N",7,"V",2,"V","1",NA,NA,NA,NA,NA,NA,NA,NA,NA,NA
34,627,"S","S2","T2","568.92","N","N",9,"S",1,"V","1",583.26,485.7845,1069.0445,NA,NA,NA,NA,NA,NA,NA
34,628,"V","S2","T2","477.07","N","N",8,"S",2,NA,"0",699.779,0,699.779,NA,NA,NA,NA,NA,NA,NA
34,629,"S","S4","T2","529.0815","N","N",6,"S",3,NA,"0",681.682,0,681.682,NA,NA,NA,NA,NA,NA,NA
34,630,"V","S4","T2","300.376","N","N",6,"V",1,NA,"0",442.212,0,442.212,NA,NA,NA,NA,NA,NA,NA
34,631,"S","C","T2","485.031","N","N",7,"S",1,NA,"0",640.2975,0,640.2975,NA,NA,NA,NA,NA,NA,NA
34,632,"V","C","T2","314.8","N","N",5,"S",2,NA,"0",1142.8635,0,1142.8635,NA,NA,NA,NA,NA,NA,NA
34,634,"V","S1","T1","291.5375","N","N",11,"V",2,"V","2",NA,NA,NA,NA,NA,NA,NA,NA,NA,NA
34,635,"S","S2","T1","436.944","N","N",11,"S",2,NA,"0",NA,0,NA,NA,NA,NA,NA,NA,NA,NA
34,636,"V","S2","T1","352.663","N","N",11,"S",1,NA,"0",391.965,0,391.965,NA,NA,NA,NA,NA,NA,NA
34,637,"S","S4","T1","543.1215","N","N",11,"S",1,NA,"0",435.3135,0,435.3135,NA,NA,NA,NA,NA,NA,NA
34,639,"S","C","T1","677.73","N","N",11,"S",1,NA,"0",785.085,0,785.085,NA,NA,NA,NA,NA,NA,NA
34,640,"V","C","T1","359.875","N","N",5,"S",1,NA,"0",478.311,0,478.311,NA,NA,NA,NA,NA,NA,NA
34,641,"S","S1","T3","595.596","N","N",11,"S",1,NA,"0",NA,0,NA,NA,NA,NA,NA,NA,NA,NA
34,642,"V","S1","T3","392.329","N","N",11,"V",1,NA,"0",122.7805,0,122.7805,NA,NA,NA,NA,NA,NA,NA
34,643,"S","S2","T3","729.327","N","N",11,"S",2,NA,"0",NA,0,NA,NA,NA,NA,NA,NA,NA,NA
34,644,"V","S2","T3","329.67475","N","N",11,"V",1,NA,"0",352.3625,0,352.3625,NA,NA,NA,NA,NA,NA,NA
34,645,"S","S4","T3","548.7375","Y","N",11,"V",1,NA,"0",368.289,0,368.289,NA,NA,NA,NA,NA,NA,NA
34,647,"S","C","T3","518.727","N","N",11,"V",1,NA,"0",437.5805,0,437.5805,NA,NA,NA,NA,NA,NA,NA
34,648,"V","C","T3","352.663","N","N",11,"V",1,NA,"0",459.4907,0,459.4907,NA,NA,NA,NA,NA,NA,NA
35,649,"S","S1","T2","394.9995","N","N",7,"S",1,NA,"0",NA,0,NA,NA,NA,NA,NA,NA,NA,NA
35,650,"V","S1","T2","392.17875","N","N",7,"S",1,"V","1",382.839,367.3875,750.2265,NA,NA,NA,NA,NA,NA,NA
35,651,"S","S2","T2","587.172","Y","N",6,NA,0,"V","1",0,408.7062,408.7062,NA,NA,NA,NA,NA,NA,NA
35,652,"V","S2","T2","608.53875","Y","Y",7,NA,0,"V","1",0,165.4515,165.4515,NA,NA,NA,NA,NA,NA,NA
35,653,"S","S4","T2","552.423","N","N",6,"S",2,NA,"0",504.0975,0,504.0975,NA,NA,NA,NA,NA,NA,NA
35,654,"V","S4","T2","408.556","N","N",6,"S",1,"V","1",477.96,79.4251,557.3851,NA,NA,NA,NA,NA,NA,NA
35,655,"S","C","T2","476.7825","N","N",6,"S",1,NA,"0",817.728,0,817.728,NA,NA,NA,NA,NA,NA,NA
35,656,"V","C","T2","408.556","N","N",6,"S",1,NA,"0",502.881,0,502.881,NA,NA,NA,NA,NA,NA,NA
35,657,"S","S1","T1","534.522","N","N",7,"S",1,"V","1",NA,258.4562,NA,NA,NA,NA,NA,NA,NA,NA
35,658,"V","S1","T1","245.084","N","N",7,"S",1,NA,"0",261.042,0,261.042,NA,NA,NA,NA,NA,NA,NA
35,659,"S","S2","T1","528.0285","N","N",6,"S",1,"V","1",NA,102.9622,NA,NA,NA,NA,NA,NA,NA,NA
35,660,"V","S2","T1","425.384","N","N",7,"V",2,NA,"0",NA,0,NA,NA,NA,NA,NA,NA,NA,NA
35,661,"S","S4","T1","730.731","N","N",6,NA,0,NA,"0",0,0,0,NA,NA,NA,NA,NA,NA,NA
35,662,"V","S4","T1","345.00025","N","N",5,"S",1,NA,"0",590.4204,0,590.4204,NA,NA,NA,NA,NA,NA,NA
35,663,"S","C","T1","718.062125","N","N",7,"S",2,NA,"0",656.661,0,656.661,NA,NA,NA,NA,NA,NA,NA
35,664,"V","C","T1","345.00025","N","N",6,"V",1,NA,"0",531.761,0,531.761,NA,NA,NA,NA,NA,NA,NA
35,665,"S","S1","T3","609.987","N","N",11,NA,0,NA,"0",0,0,0,NA,NA,NA,NA,NA,NA,NA
35,666,"V","S1","T3","344.85","N","N",11,"V",1,NA,"0",329.6747,0,329.6747,NA,NA,NA,NA,NA,NA,NA
35,667,"S","S2","T3","428.871","N","N",5,"S",3,"V","1",865.804,323.5285,1189.3325,NA,NA,NA,NA,NA,NA,NA
35,668,"V","S2","T3","659.65","N","N",4,"V",1,"V","1",361.9785,NA,NA,NA,NA,NA,NA,NA,NA,NA
35,669,"S","S4","T3","823.395","N","N",11,"S",2,NA,"0",1332.543,0,1332.543,NA,NA,NA,NA,NA,NA,NA
35,670,"V","S4","T3","367.9885","N","N",6,"S",1,NA,"0",534.822,0,534.822,NA,NA,NA,NA,NA,NA,NA
35,671,"S","C","T3","719.3235","N","N",11,"S",2,NA,"0",NA,0,NA,NA,NA,NA,NA,NA,NA,NA
35,672,"V","C","T3","408.556","N","N",6,"S",1,NA,"0",695.58,0,695.58,NA,NA,NA,NA,NA,NA,NA
36,673,"S","S1","T2","750.387","N","N",7,"V",1,NA,"0",NA,0,NA,NA,NA,NA,NA,NA,NA,NA
36,674,"V","S1","T2","522.4455","N","N",6,"V",1,"V","1",300.376,450.9265,751.3025,NA,NA,NA,NA,NA,NA,NA
36,675,"S","S2","T2","467.3055","N","N",6,"V",1,NA,"0",159.742,0,159.742,NA,NA,NA,NA,NA,NA,NA
36,676,"V","S2","T2","486.085","N","N",6,"S",1,NA,"0",493.404,0,493.404,NA,NA,NA,NA,NA,NA,NA
36,677,"S","S4","T2","865.6905","N","N",6,"S",2,"V","1",652.638,117.672,770.31,NA,NA,NA,NA,NA,NA,NA
36,678,"V","S4","T2","337.3375","Y","N",5,"V",1,NA,"0",442.212,0,442.212,NA,NA,NA,NA,NA,NA,NA
36,679,"S","C","T2","657.723","N","N",7,"V",1,NA,"0",392.329,0,392.329,NA,NA,NA,NA,NA,NA,NA
36,680,"V","C","T2","459.641","N","N",6,"V",1,NA,"0",648.8057,0,648.8057,NA,NA,NA,NA,NA,NA,NA
36,681,"S","S1","T1","715.638","N","N",7,"S",2,"V","1",NA,513.2803,NA,NA,NA,NA,NA,NA,NA,NA
36,682,"V","S1","T1","450.025","N","N",11,"V",2,"V","1",NA,NA,NA,NA,NA,NA,NA,NA,NA,NA
36,683,"S","S2","T1","332.8725","N","N",7,"V",1,"V","1",NA,352.663,NA,NA,NA,NA,NA,NA,NA,NA
36,684,"V","S2","T1","638.739","N","N",11,"V",1,"V","1",513.13,NA,NA,NA,NA,NA,NA,NA,NA,NA
36,685,"S","S4","T1","452.2125","N","N",11,"V",1,NA,"0",588.856,0,588.856,NA,NA,NA,NA,NA,NA,NA
36,686,"V","S4","T1","400.4425","N","N",7,"V",1,NA,"0",598.472,0,598.472,NA,NA,NA,NA,NA,NA,NA
36,687,"S","C","T1","684.5745","N","N",11,"V",1,NA,"0",NA,0,NA,NA,NA,NA,NA,NA,NA,NA
36,688,"V","C","T1","459.49075","N","N",11,"V",1,NA,"0",669.39,0,669.39,NA,NA,NA,NA,NA,NA,NA
36,689,"S","S1","T3","485.031","N","N",7,"V",2,"V","2",NA,NA,NA,NA,NA,NA,NA,NA,NA,NA
36,690,"V","S1","T3","659.173","N","N",11,"V",1,"V","1",360.476,NA,NA,NA,NA,NA,NA,NA,NA,NA
36,691,"S","S2","T3","794.262","N","N",5,"V",1,"V","2",NA,NA,NA,NA,NA,NA,NA,NA,NA,NA
36,692,"V","S2","T3","504.115","N","N",5,"V",1,"V","1",513.13,NA,NA,NA,NA,NA,NA,NA,NA,NA
36,693,"S","S4","T3","750.738","N","N",11,"V",1,NA,"0",327.421,0,327.421,NA,NA,NA,NA,NA,NA,NA
36,694,"V","S4","T3","416.0685","N","N",6,"S",1,NA,"0",449.178,0,449.178,NA,NA,NA,NA,NA,NA,NA
36,695,"S","C","T3","788.1195","N","N",5,"S",2,NA,"0",NA,0,NA,NA,NA,NA,NA,NA,NA,NA
36,696,"V","C","T3","637.8375","N","N",5,NA,0,NA,"0",0,0,0,NA,NA,NA,NA,NA,NA,NA
100,697,"S","S1","T2","267.762","Y","N",6,"V",1,"V","1",153.5954,NA,NA,"V",2,"V",1,288.76345,171.01075,459.7742
100,698,"V","S1","T2","265.2175","N","N",6,"V",1,"V","1",NA,182.58,NA,"V",1,"V",1,82.27145,319.59435,401.8658
100,699,"S","S2","T2","518.5515","N","N",6,"S",1,"V","1",203.478,194.6,398.078,"V",2,"V",2,558.3815,233.1907,791.5722
100,702,"V","S4","T2","329.67475","N","N",6,"S",1,NA,"0",377.574,0,377.574,"V",1,"NAN",0,384.2155,0,384.2155
100,703,"S","C","T2","321.114","N","N",5,"V",1,NA,"0",NA,0,NA,"S",2,"NAN",0,419.35595,0,419.35595
100,704,"V","C","T2","238.473","N","N",6,"S",1,NA,"0",387.402,0,387.402,"V",1,"NAN",0,352.3625,0,352.3625
100,705,"S","S1","T1","300.2295","N","N",11,"S",2,"V","1",97.42,148.924,246.344,"V",2,"V",1,489.11625,272.129,761.24525
100,706,"V","S1","T1","225.5515","N","N",11,"V",2,"V","1",NA,272.129,NA,"V",2,"V",1,188.6274,329.825,518.4524
100,707,"S","S2","T1","459.5835","N","N",11,"S",1,"V","1",313.692,170.56,484.252,"V",1,"V",2,376.102,304.1585,680.2605
100,708,"V","S2","T1","212.9305","Y","N",11,"S",1,NA,"0",215.412,0,215.412,"V",1,"NAN",0,122.7805,0,122.7805
100,709,"S","S4","T1","229.152","N","N",11,"S",1,NA,"0",496.914,0,496.914,"V",2,"NAN",0,521.87075,0,521.87075
100,710,"V","S4","T1","314.95025","N","N",11,"S",1,NA,"0",NA,0,NA,"V",1,"NAN",0,159.89225,0,159.89225
100,712,"V","C","T1","322.3125","Y","N",11,"S",1,NA,"0",309.48,0,309.48,"V",1,"NAN",0,392.95625,0,392.95625
100,713,"S","S1","T3","587.523","N","N",11,"S",1,"V","2",310.182,NA,NA,"V",1,"V",2,200.61,446.45,647.06
100,714,"V","S1","T3","384.2155","N","N",11,"S",2,"V","1",345.083,194.6,539.683,"V",2,"V",1,352.6197,376.102,728.7217
100,715,"S","S2","T3","366.042","N","N",11,"S",1,"V","1",415.482,15.9296,431.4116,"V",1,"V",1,442.36225,91.2484,533.61065
100,716,"V","S2","T3","293.164","N","Y",11,"V",1,"V","1",311.194,NA,NA,"V",2,"V",1,380.786,138.25625,519.04225
100,719,"S","C","T3","328.6605","N","N",11,"V",2,NA,"0",552.672,0,552.672,"V",2,"NAN",0,510.45175,0,510.45175
100,720,"V","C","T3","293.164","N","N",11,"S",1,NA,"0",702.6,0,702.6,"S",1,"NAN",0,666.798,0,666.798
